Star,SimbadName,Teff,logg,feh,class,is_host,age_gyr,rbirth_kpc
BD-091261,BD-091261,4717,4.69,-0.75,single,False,8.91250938133744,9.777564487562758
CD-436810,CD-436810,6011,4.41,-0.44,single,False,6.309573444801943,7.990291964962518
CD-4512460,CD-4512460,5960,4.42,-0.86,single,False,12.589254117941662,9.594167673292253
CD-571633,CD-571633,5975,4.46,-0.85,single,False,10.0,10.21601436460691
HD10002,HD10002,5313,4.4,0.17,single,False,12.589254117941662,2.471216516762934
HD100289,HD100289,5483,4.42,0.03,single,False,11.220184543019654,3.412313245339276
HD100777,HD100777,5536,4.33,0.25,HMPH,True,10.0,1.705985526861876
HD101339,HD101339,5731,4.48,-0.1,single,False,3.1622776601683795,5.900959397772893
HD101367,HD101367,5615,4.38,0.29,single,False,6.309573444801943,1.1926427575069827
HD101612,HD101612,6281,4.41,-0.36,single,False,2.238721138568338,9.634286977399269
HD101644,HD101644,5678,4.58,-0.56,single,False,2.8183829312644493,11.410231164938157
HD10180,HD10180,5911,4.39,0.08,HMPH,True,4.466835921509653,3.450738286126982
HD102117,HD102117,5657,4.31,0.28,HMPH,True,7.943282347242854,1.332169407104697
HD102136,HD102136,5349,4.43,-0.09,single,False,12.589254117941662,4.269243031298869
HD102200,HD102200,6185,4.59,-1.1,single,False,1.9952623149688828,18.932640157515266
HD102365,HD102365,5629,4.44,-0.29,LMPH,True,11.220184543019654,5.7568075824116764
HD102843,HD102843,5432,4.35,0.16,HMPH,True,11.220184543019654,2.4598624153596207
HD103197,HD103197,5250,4.45,0.22,LMPH,True,11.220184543019654,2.020269697306272
HD103891,HD103891,6072,4.05,-0.19,HMPH,True,5.623413251903491,5.84513987322239
HD104760A,HD104760,5953,4.43,0.12,single,False,2.238721138568338,3.869663307856884
HD105779,HD105779,5792,4.51,-0.25,HMPH,True,4.466835921509653,6.871485911628854
HD105837,HD105837,5907,4.54,-0.51,single,False,2.5118864315095926,11.139021332391046
HD105938,HD105938,6208,4.27,0.03,single,False,3.5481338923357604,4.27192804813776
HD106116,HD106116,5680,4.39,0.14,single,False,5.011872336272715,2.731762817490588
HD107094,HD107094,5562,4.54,-0.51,single,False,8.91250938133744,7.823403653947162
HD107148,HD107148,5805,4.4,0.31,HMPH,True,3.1622776601683795,1.2806904212376864
HD108063,HD108063,6081,4.11,0.55,single,False,2.238721138568338,0.5
HD108147,HD108147,6260,4.47,0.18,HMPH,True,0.2818382931264461,4.966597018579188
HD108768,HD108768,5633,4.45,0.14,single,False,4.466835921509653,2.8287841443150095
HD10895,HD10895,5685,4.52,-0.27,single,False,4.466835921509653,7.078804061875496
HD109310,HD109310,5922,4.55,-0.51,single,False,3.1622776601683795,10.52122820638768
HD109409,HD109409,5886,4.16,0.33,single,False,4.466835921509653,0.8592626437557715
HD109684,HD109684,5992,4.38,-0.34,single,False,7.079457843841373,6.835401071051294
HD109723,HD109723,5647,4.47,-0.04,single,False,5.623413251903491,4.393394880984629
HD109988,HD109988,5193,4.46,0.14,HMPH,True,11.220184543019654,2.6063932849860603
HD110291,HD110291,5480,4.38,-0.02,single,False,12.589254117941662,3.7851589518576745
HD110619,HD110619,5613,4.51,-0.41,single,False,7.943282347242854,7.22601342457125
HD110668,HD110668,5850,4.45,0.17,single,False,1.2589254117941662,3.9616757024218847
HD111031,HD111031,5801,4.39,0.27,single,False,3.5481338923357604,1.6353179832462077
HD111564,HD111564,6004,4.37,0.07,single,False,3.981071705534969,3.688071097947022
HD111777,HD111777,5666,4.46,-0.68,single,False,12.589254117941662,8.349380062525348
HD11226,HD11226,6098,4.35,0.04,single,False,3.5481338923357604,4.16206930310749
HD113513,HD113513,5751,4.54,0.17,single,False,1.584893192461111,3.693141768126263
HD114561,HD114561,5829,4.5,-0.07,single,False,0.8912509381337477,7.511614108322888
HD114613,HD114613,5729,3.97,0.19,single,False,6.309573444801943,2.123827538628812
HD114853,HD114853,5705,4.44,-0.23,single,False,10.0,5.419452607851211
HD11505,HD11505,5752,4.38,-0.22,HMPH,True,11.220184543019654,5.243949484132122
HD115499,HD115499,5542,4.45,0.07,single,False,7.943282347242854,3.1259480349513415
HD115617,HD115617,5558,4.36,-0.02,single,False,12.589254117941662,3.7851589518576745
HD115773,HD115773,6312,4.23,-0.08,single,False,3.1622776601683795,5.675580388494991
HD115902,HD115902,5705,4.39,-0.01,single,False,7.943282347242854,3.8092922718581086
HD116259,HD116259,5700,4.21,0.11,single,False,7.943282347242854,2.784275924453132
HD116284,HD116284,5213,3.87,-0.01,single,False,10.0,3.7174468431842342
HD116410,HD116410,5939,4.43,0.23,single,False,0.4466835921509635,4.041646646469274
HD117105,HD117105,5889,4.41,-0.29,single,False,7.079457843841373,6.388782352049265
HD117618,HD117618,5990,4.41,0.03,HMPH,True,3.1622776601683795,4.435996068357107
HD118563,HD118563,5477,4.45,-0.04,single,False,8.91250938133744,3.9965055772221127
HD119629,HD119629,6250,4.17,-0.17,single,False,3.5481338923357604,6.469103010131517
HD11964A,HD11964A,5332,3.9,0.08,single,False,10.0,3.021171787113957
HD119949,HD119949,6359,4.47,-0.41,single,False,1.4125375446227613,11.230360287326413
HD120362,HD120362,5517,4.51,0.1,single,False,4.466835921509653,3.243420213112328
HD121004,HD121004,5687,4.48,-0.71,single,False,10.0,9.132919458278167
HD121504,HD121504,6022,4.49,0.14,HMPH,True,0.1,5.822243208390846
HD122474,HD122474,5716,4.37,0.13,single,False,5.623413251903491,2.748083928239942
HD122862,HD122862,5982,4.23,-0.12,single,False,6.309573444801943,5.010500484988103
HD123619,HD123619,6166,4.45,-0.32,single,False,2.238721138568338,9.153901425537551
HD123651,HD123651,5926,4.55,-0.48,single,False,3.1622776601683795,10.183159734450932
HD1237,HD1237,5514,4.5,0.07,single,False,4.466835921509653,3.5543972840183145
HD12387,HD12387,5700,4.39,-0.24,single,False,12.589254117941662,5.30656593722251
HD124364,HD124364,5584,4.48,-0.27,single,False,10.0,5.728908245967485
HD125072,HD125072,5007,4.56,0.18,single,False,4.466835921509653,2.414147998285703
HD125881,HD125881,6036,4.49,0.06,single,False,0.11220184543019653,6.933374901797867
HD126525,HD126525,5638,4.37,-0.1,HMPH,True,10.0,4.413721928074809
HD126681,HD126681,5570,4.7,-1.15,single,False,0.8912509381337477,20.0
HD126793,HD126793,5904,4.43,-0.71,single,False,8.91250938133744,9.4518708535198
HD128571,HD128571,6159,4.4,-0.37,single,False,3.981071705534969,8.389350975565375
HD128674,HD128674,5551,4.5,-0.38,single,False,8.91250938133744,6.7648999499588935
HD129191,HD129191,5832,4.39,0.24,single,False,3.1622776601683795,2.069516911730239
HD129229,HD129229,5872,3.89,-0.42,single,False,7.079457843841373,7.549990702008015
HD130989,HD130989,6414,4.27,-0.23,single,False,2.5118864315095926,7.840450890123577
HD130992,HD130992,4898,4.54,-0.13,single,False,12.589254117941662,4.545862431658994
HD131664,HD131664,5901,4.5,0.31,single,False,0.1,3.4140585031024093
HD1320,HD1320,5679,4.49,-0.27,single,False,7.079457843841373,6.2101350774128035
HD132648,HD132648,5418,4.49,-0.37,single,False,12.589254117941662,6.205579246014866
HD133633,HD133633,5571,4.48,-0.45,single,False,12.589254117941662,6.7588180467351195
HD134606,HD134606,5633,4.38,0.27,HMPH,True,6.309573444801943,1.3788795472225246
HD134702,HD134702,5782,4.5,-0.04,single,False,1.2589254117941662,6.672741943055404
HD134987,HD134987,5740,4.3,0.25,HMPH,True,6.309573444801943,1.5651166144527728
HD135468,HD135468,6417,4.25,-0.02,single,False,2.5118864315095926,5.366522882878218
HD13578,HD13578,5842,4.18,-0.03,single,False,8.91250938133744,3.9150822142102246
HD136352,HD136352,5664,4.39,-0.34,LMPH,True,12.589254117941662,5.998114644220383
HD13724,HD13724,5868,4.52,0.23,HMPH,True,0.1,4.547321856575776
HD137388,HD137388,5240,4.42,0.18,HMPH,True,12.589254117941662,2.4020616151485132
HD138549,HD138549,5582,4.44,0.0,single,False,7.943282347242854,3.7238742442335564
HD1388,HD1388,5954,4.41,-0.01,single,False,3.5481338923357604,4.711363028258839
HD140785,HD140785,5756,4.12,-0.05,single,False,10.0,4.026902438070062
HD140901,HD140901,5610,4.46,0.09,HMPH,True,6.309573444801943,3.0550123197506416
HD141597,HD141597,6285,4.38,-0.4,single,False,3.5481338923357604,8.995854248141654
HD141624,HD141624,5871,4.4,-0.38,single,False,7.943282347242854,6.969759325787245
HD141937,HD141937,5893,4.45,0.13,HMPH,True,1.7782794100389228,4.049978455004409
HD142022A,HD142022A,5508,4.35,0.19,HMPH,True,10.0,2.170168926395692
HD142879,HD142879,5707,4.51,-0.39,single,False,5.623413251903491,7.780799766727465
HD143114,HD143114,5775,4.39,-0.41,single,False,10.0,6.812002691171468
HD143638,HD143638,5954,4.48,-0.27,single,False,3.1622776601683795,7.816680766734535
HD14374,HD14374,5425,4.48,-0.04,single,False,7.943282347242854,4.065546354731767
HD143790,HD143790,6557,4.11,-0.06,single,False,2.238721138568338,6.031397083271702
HD144342,HD144342,5403,4.47,0.07,single,False,8.91250938133744,3.1008485689250547
HD144585,HD144585,5914,4.35,0.33,single,False,3.1622776601683795,1.0553113279995747
HD144589,HD144589,6372,4.28,-0.05,single,False,2.5118864315095926,5.719941175897011
HD144846,HD144846,6102,4.52,0.13,single,False,0.1,5.96390120673255
HD144880,HD144880,6152,4.38,-0.3,single,False,4.466835921509653,7.389781132781482
HD145344,HD145344,6143,4.39,-0.68,single,False,7.079457843841373,9.87240766813095
HD145666,HD145666,5958,4.53,-0.04,single,False,0.1,8.37208580647761
HD145809,HD145809,5778,4.15,-0.25,single,False,12.589254117941662,5.375720838836931
HD145927,HD145927,5819,4.41,-0.03,single,False,5.011872336272715,4.436878432744654
HD1461,HD1461,5765,4.38,0.19,LMPH,True,4.466835921509653,2.3104890776263574
HD146233,HD146233,5818,4.45,0.04,single,False,3.5481338923357604,4.16206930310749
HD147195,HD147195,5557,4.48,-0.05,single,False,6.309573444801943,4.358671131264955
HD147512,HD147512,5530,4.4,-0.08,single,False,11.220184543019654,4.218233178398986
HD147513,HD147513,5858,4.5,0.03,HMPH,True,0.5011872336272735,6.712071593784584
HD148211,HD148211,5948,4.36,-0.62,single,False,11.220184543019654,8.174567531705092
HD148303,HD148303,4958,4.55,-0.03,single,False,10.0,3.872174633422074
HD148577,HD148577,5713,4.29,-0.09,single,False,10.0,4.336358047366039
HD14868,HD14868,5864,4.44,0.02,single,False,3.1622776601683795,4.548685552006006
HD148816,HD148816,5908,4.39,-0.71,single,False,11.220184543019654,8.83395639043706
HD149396,HD149396,5657,4.47,0.19,single,False,2.238721138568338,3.028989039492549
HD149747,HD149747,5823,3.95,-0.34,single,False,7.943282347242854,6.628087278930426
HD150433,HD150433,5665,4.43,-0.36,single,False,11.220184543019654,6.269665899039287
HD150437,HD150437,5826,4.29,0.3,single,False,5.623413251903491,1.102772759168392
HD150474,HD150474,5425,4.01,0.01,single,False,12.589254117941662,3.577694362944288
HD152433,HD152433,6144,4.49,-0.1,single,False,0.11220184543019653,9.197582458106094
HD153276,HD153276,6000,4.48,0.04,single,False,0.17782794100389226,7.09841145608683
HD153950,HD153950,6074,4.39,-0.01,HMPH,True,2.8183829312644493,5.066629013510872
HD154088,HD154088,5374,4.37,0.28,LMPH,True,12.589254117941662,1.710513011199419
HD154195A,HD154195A,5961,4.48,-0.19,single,False,2.8183829312644493,7.142716955577544
HD154962,HD154962,5827,4.17,0.32,single,False,5.011872336272715,0.9263463606201139
HD155968,HD155968,5790,4.42,0.16,single,False,2.5118864315095926,3.24601325642403
HD156098,HD156098,6517,4.2,0.18,HMPH,True,1.4125375446227613,3.7020262264542234
HD15612,HD15612,5256,4.49,-0.11,single,False,10.0,4.4910858087835805
HD157172,HD157172,5451,4.39,0.11,single,False,10.0,2.789080087347049
HD157338,HD157338,6027,4.44,-0.08,single,False,1.7782794100389228,6.657444724923603
HD157347,HD157347,5676,4.38,0.02,single,False,8.91250938133744,3.5079653991507813
HD157830,HD157830,5540,4.49,-0.25,single,False,10.0,5.5741803692687535
HD1581,HD1581,5977,4.51,-0.18,single,False,1.584893192461111,8.101648756036255
HD159868,HD159868,5558,3.96,-0.08,HMPH,True,8.91250938133744,4.322199029269667
HD16008,HD16008,5712,4.42,-0.09,single,False,6.309573444801943,4.73114509227876
HD160691,HD160691,5780,4.27,0.3,HMPH,True,6.309573444801943,1.0995240851345045
HD161098,HD161098,5560,4.46,-0.27,single,False,11.220184543019654,5.610276821959264
HD161256,HD161256,5652,4.27,0.14,single,False,7.943282347242854,2.5280218256691267
HD16141,HD16141,5806,4.19,0.16,HMPH,True,6.309573444801943,2.403183000716832
HD161566,HD161566,6230,4.2,-0.28,single,False,6.309573444801943,6.500396259664649
HD161612,HD161612,5616,4.45,0.16,single,False,3.5481338923357604,2.8437643627442526
HD162236,HD162236,5343,4.43,-0.12,single,False,12.589254117941662,4.476707581568963
HD162396,HD162396,6090,4.27,-0.35,single,False,7.079457843841373,6.924724708369524
HD16297,HD16297,5422,4.47,-0.01,single,False,8.91250938133744,3.7522354881864475
HD16382,HD16382,5953,4.5,0.03,single,False,0.1,7.380480372188415
HD16417,HD16417,5841,4.16,0.13,LMPH,True,5.011872336272715,2.8320637898845087
HD165131,HD165131,5870,4.45,0.06,HMPH,True,2.8183829312644493,4.2592614888396065
HD16548,HD16548,5690,3.96,0.15,single,False,6.309573444801943,2.4963013955746023
HD165920,HD165920,5339,4.39,0.29,single,False,12.589254117941662,1.6413582126337767
HD166745,HD166745,5621,4.31,0.25,single,False,7.943282347242854,1.5884235058887022
HD168746,HD168746,5568,4.33,-0.1,HMPH,True,12.589254117941662,4.3383978813889
HD168769,HD168769,5361,4.45,-0.01,single,False,11.220184543019654,3.70537503917917
HD168871,HD168871,5983,4.42,-0.09,single,False,2.8183829312644493,5.989334820442572
HD169830,HD169830,6361,4.21,0.18,HMPH,True,1.9952623149688828,3.2892650542124127
HD171587,HD171587,5412,4.59,-0.64,single,False,5.623413251903491,10.200374777826717
HD171665,HD171665,5655,4.41,-0.05,single,False,7.943282347242854,4.150964398266666
HD172513,HD172513,5500,4.41,-0.05,single,False,11.220184543019654,3.9984368466658182
HD172568,HD172568,5728,4.58,-0.37,single,False,1.1220184543019653,11.133526847302274
HD173885,HD173885,6264,4.37,-0.2,single,False,3.1622776601683795,7.0278542762419836
HD174153,HD174153,6196,4.49,-0.08,single,False,0.1,8.938717483214294
HD17439,HD17439,5721,4.44,0.08,single,False,5.623413251903491,3.231998901616211
HD175179,HD175179,5764,4.46,-0.66,single,False,10.0,8.746100342937286
HD17548,HD17548,6011,4.44,-0.53,single,False,7.079457843841373,8.532551511124865
HD176354,HD176354,5271,3.84,0.27,single,False,5.623413251903491,1.393121772037735
HD177122,HD177122,6021,4.52,-0.1,single,False,0.14125375446227553,9.13999937329614
HD177409,HD177409,5898,4.49,-0.04,single,False,0.6309573444801944,7.473783514605975
HD177565,HD177565,5627,4.39,0.08,LMPH,True,7.943282347242854,3.040530023237137
HD177758,HD177758,5862,4.41,-0.58,single,False,11.220184543019654,7.881505574104156
HD178904,HD178904,5727,4.41,0.09,single,False,6.309573444801943,3.0550123197506416
HD18001,HD18001,5772,4.44,-0.07,single,False,5.011872336272715,4.838082116812817
HD180409,HD180409,6013,4.52,-0.17,single,False,0.4466835921509635,9.547723009421027
HD181428,HD181428,6151,4.45,0.06,single,False,0.14125375446227553,6.881294653444709
HD18386,HD18386,5457,4.39,0.14,single,False,8.91250938133744,2.530885012675551
HD186302,HD186302,5662,4.44,-0.03,single,False,6.309573444801943,4.172434150758052
HD188748,HD188748,5623,4.43,-0.12,single,False,7.943282347242854,4.748890575728186
HD188815,HD188815,6217,4.34,-0.53,single,False,7.079457843841373,8.532551511124865
HD189625,HD189625,5846,4.43,0.18,single,False,1.7782794100389228,3.429152985243319
HD190248,HD190248,5604,4.26,0.33,single,False,8.91250938133744,0.9838409789531148
HD190984,HD190984,6007,4.02,-0.49,HMPH,True,7.943282347242854,7.909357772850453
HD191033,HD191033,6206,4.47,-0.19,single,False,1.2589254117941662,8.609217801740547
HD192117,HD192117,5479,4.48,-0.04,single,False,7.079457843841373,4.155689356001357
HD19230,HD19230,5254,4.63,-0.57,single,False,2.8183829312644493,11.52556927533125
HD192310,HD192310,5166,4.51,-0.04,LMPH,True,10.0,3.9495385285409936
HD193193,HD193193,5979,4.4,-0.05,single,False,3.5481338923357604,5.150798028842706
HD19423,HD19423,5752,4.23,-0.09,single,False,10.0,4.336358047366039
HD19467,HD19467,5720,4.31,-0.14,single,False,10.0,4.723177508550489
HD195145,HD195145,5625,4.41,0.17,single,False,5.011872336272715,2.4308600497688397
HD195200,HD195200,6201,4.44,-0.08,single,False,0.17782794100389226,8.787272648792607
HD195564,HD195564,5676,4.03,0.06,single,False,10.0,3.175899577351797
HD196050,HD196050,5917,4.32,0.23,HMPH,True,3.981071705534969,1.9785147571019603
HD19641,HD19641,5806,4.39,-0.01,single,False,6.309573444801943,3.9861971875958178
HD196892,HD196892,6072,4.5,-0.89,single,False,7.079457843841373,11.74820564904642
HD197083,HD197083,5735,4.5,-0.45,single,False,7.079457843841373,7.817961880168144
HD197197,HD197197,5812,4.2,-0.46,single,False,12.589254117941662,6.827973051398319
HD197210,HD197210,5577,4.42,-0.03,single,False,8.91250938133744,3.9150822142102246
HD197536,HD197536,6105,4.39,-0.41,single,False,5.011872336272715,8.248313309955947
HD197823,HD197823,5396,4.41,0.12,single,False,10.0,2.711716206638278
HD1979,HD1979,5626,4.52,-0.09,single,False,1.9952623149688828,6.589039541284597
HD198075,HD198075,5846,4.56,-0.24,single,False,0.22387211385683467,10.943766970722208
HD199086,HD199086,6149,4.65,0.18,single,False,0.31622776601683794,4.9153405445922695
HD199190,HD199190,5926,4.26,0.15,single,False,4.466835921509653,2.725125069191689
HD199288,HD199288,5746,4.46,-0.63,single,False,11.220184543019654,8.247832911931297
HD199289,HD199289,5928,4.64,-0.98,single,False,1.2589254117941662,18.807991035813103
HD199868,HD199868,6152,4.45,-0.13,single,False,1.2589254117941662,7.83462741979217
HD199960,HD199960,5973,4.39,0.28,single,False,1.2589254117941662,2.5415933996403943
HD20003,HD20003,5494,4.41,0.04,LMPH,True,11.220184543019654,3.339047796879303
HD200538,HD200538,6042,4.38,0.1,single,False,2.8183829312644493,3.7979085746320482
HD200633,HD200633,5853,4.51,0.05,single,False,0.22387211385683467,6.877965518460371
HD201496,HD201496,5974,4.44,-0.04,single,False,1.9952623149688828,5.977970161474644
HD202206,HD202206,5757,4.47,0.29,HMPH,True,0.5623413251903491,3.076616798530517
HD202605,HD202605,5658,4.49,0.18,single,False,1.0,4.077507314167626
HD202871,HD202871,6055,4.54,-0.09,single,False,0.5623413251903491,8.258501358521102
HD203384,HD203384,5586,4.4,0.26,single,False,6.309573444801943,1.4719982195950019
HD203432,HD203432,5645,4.39,0.29,single,False,5.623413251903491,1.1995559557487185
HD20407,HD20407,5866,4.5,-0.44,single,False,5.623413251903491,8.264714884321643
HD204287,HD204287,5743,4.15,-0.04,single,False,10.0,3.9495385285409936
HD204313,HD204313,5776,4.38,0.18,HMPH,True,3.981071705534969,2.5127510688368693
HD204385,HD204385,6033,4.44,0.07,single,False,1.4125375446227613,5.1056140116737865
HD205294,HD205294,6370,4.3,-0.25,single,False,3.5481338923357604,7.347972970373675
HD206163,HD206163,5519,4.43,0.01,single,False,10.0,3.5627190529463952
HD206172,HD206172,5608,4.49,-0.24,single,False,7.943282347242854,5.773906907222815
HD20619,HD20619,5703,4.51,-0.22,single,False,5.623413251903491,6.135488886091733
HD2071,HD2071,5719,4.47,-0.09,single,False,3.5481338923357604,5.590233049889358
HD207129,HD207129,5937,4.49,0.0,single,False,0.19952623149688828,7.6222776311989575
HD207190,HD207190,6178,4.33,-0.42,single,False,5.623413251903491,8.071148779596808
HD207583,HD207583,5534,4.46,0.01,single,False,7.943282347242854,3.638456216609004
HD207700,HD207700,5666,4.29,0.04,single,False,11.220184543019654,3.339047796879303
HD20782,HD20782,5774,4.37,-0.06,HMPH,True,7.079457843841373,4.334336797016216
HD207970,HD207970,5556,4.38,0.07,single,False,10.0,3.098535667822728
HD208,HD208,5914,4.47,-0.31,single,False,3.981071705534969,7.748267337797549
HD20807,HD20807,5866,4.52,-0.23,single,False,1.9952623149688828,8.300033659062187
HD208704,HD208704,5826,4.38,-0.09,single,False,6.309573444801943,4.73114509227876
HD209566,HD209566,5500,4.38,0.12,single,False,8.91250938133744,2.6937317690318947
HD210277,HD210277,5505,4.3,0.18,HMPH,True,11.220184543019654,2.313331436559152
HD210320,HD210320,5597,4.31,0.11,single,False,8.91250938133744,2.7751551168775004
HD210752,HD210752,5951,4.53,-0.58,single,False,3.981071705534969,10.633143389323088
HD210918,HD210918,5755,4.35,-0.09,single,False,7.943282347242854,4.492636540585572
HD211317,HD211317,5965,4.3,0.27,single,False,3.5481338923357604,1.6353179832462077
HD211415,HD211415,5850,4.39,-0.21,single,False,8.91250938133744,5.380702733257936
HD212036,HD212036,5687,4.41,-0.01,single,False,7.079457843841373,3.887718194479066
HD212301,HD212301,6271,4.55,0.18,HMPH,True,0.2818382931264461,4.966597018579188
HD212563,HD212563,5018,4.52,-0.02,single,False,12.589254117941662,3.7851589518576745
HD212708,HD212708,5681,4.35,0.27,single,False,6.309573444801943,1.3788795472225246
HD213628,HD213628,5555,4.44,0.01,single,False,8.91250938133744,3.5893887621626703
HD214094,HD214094,6288,4.28,-0.01,single,False,3.1622776601683795,4.886754002952701
HD21411,HD21411,5473,4.51,-0.26,HMPH,True,8.91250938133744,5.7878195331510955
HD214385,HD214385,5654,4.43,-0.34,single,False,11.220184543019654,6.123134920238819
HD214759,HD214759,5461,4.37,0.18,single,False,10.0,2.2475327494638675
HD214954,HD214954,5738,4.48,0.14,single,False,1.584893192461111,4.071013801024007
HD215257,HD215257,6052,4.46,-0.63,single,False,5.623413251903491,10.103591869682209
HD215456,HD215456,5789,4.1,-0.09,single,False,8.91250938133744,4.403622437780407
HD216008,HD216008,5773,4.38,-0.04,single,False,7.079457843841373,4.155689356001357
HD216770,HD216770,5424,4.38,0.24,HMPH,True,10.0,1.7833494652112423
HD216777,HD216777,5623,4.51,-0.38,single,False,7.079457843841373,7.192695886529654
HD217395,HD217395,5916,4.52,-0.13,single,False,1.7782794100389228,7.278270009664329
HD217786,HD217786,5966,4.35,-0.14,HMPH,True,5.011872336272715,5.540188549920227
HD217958,HD217958,5970,4.45,0.28,HMPH,True,0.1,3.839032287040766
HD218340,HD218340,5889,4.42,0.09,single,False,3.981071705534969,3.4743765254886076
HD218504,HD218504,5962,4.34,-0.55,single,False,11.220184543019654,7.661709433425538
HD218885,HD218885,5763,4.46,-0.28,single,False,7.943282347242854,6.115579081362417
HD219077,HD219077,5362,4.0,-0.13,HMPH,True,12.589254117941662,4.545862431658994
HD219249,HD219249,5482,4.5,-0.4,single,False,10.0,6.734638868103293
HD21977,HD21977,5930,4.45,0.1,single,False,2.238721138568338,4.109855904830274
HD220367,HD220367,6128,4.37,-0.21,single,False,5.011872336272715,6.24229490829763
HD220456,HD220456,5887,4.5,-0.02,single,False,0.15848931924611176,7.978525995700545
HD22049,HD22049,5153,4.53,-0.11,single,False,7.943282347242854,4.663472564013981
HD221420,HD221420,5847,4.03,0.33,HMPH,True,5.623413251903491,0.8124237462990491
HD221580,HD221580,5322,2.68,-1.13,single,False,0.5623413251903491,20.0
HD22177,HD22177,5666,4.26,0.2,single,False,7.943282347242854,2.0155136281011163
HD222422,HD222422,5475,4.46,-0.12,single,False,8.91250938133744,4.647892481317222
HD222582,HD222582,5779,4.37,-0.01,HMPH,True,7.079457843841373,3.887718194479066
HD222595,HD222595,5648,4.46,0.01,single,False,5.623413251903491,3.909479889581122
HD222669,HD222669,5894,4.46,0.05,single,False,2.238721138568338,4.710337531481851
HD22282,HD22282,5433,4.32,0.12,single,False,12.589254117941662,2.8169908702618702
HD223315,HD223315,5650,4.44,0.3,single,False,3.5481338923357604,1.3057417276926113
HD223854,HD223854,6080,4.08,-0.54,single,False,10.0,7.817733543869656
HD224063,HD224063,5591,4.27,0.14,single,False,10.0,2.556988387580142
HD224393,HD224393,5774,4.54,-0.38,single,False,3.5481338923357604,8.776136635304397
HD224685,HD224685,5504,4.47,-0.4,single,False,12.589254117941662,6.413043847809351
HD224817,HD224817,5894,4.36,-0.53,single,False,12.589254117941662,7.312056847455372
HD225297,HD225297,6181,4.55,-0.09,single,False,0.4466835921509635,8.44650777785414
HD22879,HD22879,5884,4.52,-0.82,single,False,8.91250938133744,10.347527983147128
HD22918,HD22918,4924,3.61,0.02,single,False,7.943282347242854,3.553038188984452
HD23030,HD23030,5951,4.37,0.2,single,False,2.5118864315095926,2.774788807217387
HD24085,HD24085,6065,4.47,0.17,LMPH,True,0.7943282347242822,4.431224273025853
HD25171,HD25171,6160,4.43,-0.11,HMPH,True,1.1220184543019653,7.741440697341825
HD25565,HD25565,5212,4.47,0.03,single,False,12.589254117941662,3.4393846370020302
HD25704,HD25704,5942,4.52,-0.83,single,False,7.943282347242854,10.813570552981757
HD26729,HD26729,5718,4.17,0.31,single,False,7.943282347242854,1.0759153083206918
HD26887,HD26887,6016,4.46,-0.35,single,False,3.5481338923357604,8.446560379750801
HD27063,HD27063,5767,4.44,0.05,single,False,5.011872336272715,3.634471083290829
HD27471,HD27471,5871,4.25,0.11,single,False,5.011872336272715,3.032665585212336
HD2768,HD2768,5548,4.4,-0.03,single,False,10.0,3.872174633422074
HD28185,HD28185,5667,4.42,0.21,HMPH,True,3.981071705534969,2.192209409167794
HD28471,HD28471,5745,4.37,-0.05,LMPH,True,7.943282347242854,4.150964398266666
HD28701,HD28701,5710,4.41,-0.32,single,False,11.220184543019654,5.97660394143835
HD28821,HD28821,5660,4.38,-0.12,single,False,8.91250938133744,4.647892481317222
HD290327,HD290327,5505,4.41,-0.14,HMPH,True,11.220184543019654,4.657825896452334
HD29137,HD29137,5768,4.28,0.3,single,False,6.309573444801943,1.0995240851345045
HD29263,HD29263,5780,4.35,0.03,single,False,7.943282347242854,3.467620161359899
HD29428,HD29428,5743,4.48,-0.06,single,False,2.8183829312644493,5.643320102561776
HD30306,HD30306,5529,4.32,0.17,single,False,10.0,2.3248966878132338
HD30669,HD30669,5400,4.37,0.13,HMPH,True,11.220184543019654,2.6796587743862945
HD31527,HD31527,5898,4.45,-0.17,LMPH,True,5.011872336272715,5.841091317641975
HD31532,HD31532,5896,4.07,-0.08,single,False,7.079457843841373,4.512984238031076
HD3220,HD3220,5846,4.51,-0.22,single,False,3.5481338923357604,7.01839671482008
HD3229,HD3229,6583,4.14,-0.09,single,False,2.238721138568338,6.3916861129498885
HD32724,HD32724,5818,4.26,-0.17,single,False,8.91250938133744,5.055009341875516
HD33473A,HD33473,5740,3.97,-0.13,single,False,7.943282347242854,4.83430858744239
HD33811,HD33811,5554,4.39,0.3,single,False,7.079457843841373,1.1186826923703395
HD33822,HD33822,5726,4.29,0.26,single,False,7.079457843841373,1.4759777740541375
HD34327,HD34327,5883,4.2,-0.06,single,False,7.943282347242854,4.236382409980871
HD34449,HD34449,5848,4.5,-0.09,single,False,1.1220184543019653,7.480511053316491
HD36051,HD36051,6118,4.63,-0.08,single,False,0.12589254117941714,8.887634674377978
HD36179,HD36179,5327,4.45,-0.08,single,False,12.589254117941662,4.200088129684447
HD36379,HD36379,6030,4.3,-0.17,single,False,5.011872336272715,5.841091317641975
HD37226,HD37226,6178,4.16,-0.12,single,False,3.981071705534969,5.718169178068576
HD37548,HD37548,5950,4.26,-0.04,single,False,7.079457843841373,4.155689356001357
HD37962,HD37962,5718,4.48,-0.2,single,False,7.079457843841373,5.584868950671595
HD37986,HD37986,5507,4.29,0.26,single,False,11.220184543019654,1.7272079580533921
HD38078,HD38078,5651,4.47,-0.29,single,False,8.91250938133744,6.032089637353045
HD3823,HD3823,6022,4.31,-0.28,single,False,7.943282347242854,6.115579081362417
HD38265,HD38265,5549,4.43,-0.14,single,False,8.91250938133744,4.810739237673566
HD38277,HD38277,5871,4.34,-0.07,single,False,6.309573444801943,4.544908094427188
HD38382,HD38382,6082,4.45,0.03,single,False,0.7943282347242822,6.305208749932696
HD38772,HD38772,6106,4.37,-0.23,single,False,5.623413251903491,6.232271938454151
HD38858,HD38858,5733,4.51,-0.22,single,False,3.981071705534969,6.786641881145812
HD38973,HD38973,6016,4.42,0.05,single,False,2.238721138568338,4.710337531481851
HD39091,HD39091,6003,4.42,0.09,HMPH,True,2.5118864315095926,4.070655823104707
HD39427,HD39427,5682,4.52,-0.18,single,False,4.466835921509653,6.145872849157537
HD3964,HD3964,5729,4.5,0.05,single,False,1.9952623149688828,4.878045377978795
HD40397,HD40397,5527,4.39,-0.13,single,False,11.220184543019654,4.5845604070521
HD40483,HD40483,6371,4.39,-0.06,single,False,0.5623413251903491,7.8494051368585955
HD40865,HD40865,5719,4.5,-0.38,single,False,5.011872336272715,7.9474105422341985
HD41087,HD41087,5562,4.52,-0.13,single,False,5.623413251903491,5.264441847483704
HD41248,HD41248,5713,4.49,-0.37,single,False,7.079457843841373,7.103372249211423
HD41323,HD41323,5756,4.56,-0.31,single,False,0.8912509381337477,10.69964892963446
HD4208,HD4208,5599,4.44,-0.28,HMPH,True,11.220184543019654,5.683542202185471
HD4307,HD4307,5812,4.1,-0.23,single,False,11.220184543019654,5.317214973532357
HD44120,HD44120,6052,4.25,0.12,single,False,3.1622776601683795,3.4217907155170204
HD44219,HD44219,5766,4.2,0.04,HMPH,True,10.0,3.330627367589636
HD44420,HD44420,5818,4.37,0.29,single,False,3.981071705534969,1.3374312785489728
HD44447,HD44447,5999,4.37,-0.22,single,False,7.079457843841373,5.763516358410775
HD44594,HD44594,5840,4.38,0.15,single,False,3.5481338923357604,2.9536230054605905
HD44804,HD44804,5366,4.48,0.03,single,False,8.91250938133744,3.4265420361388923
HD45184,HD45184,5869,4.47,0.04,LMPH,True,1.7782794100389228,5.167463986039751
HD45289,HD45289,5717,4.32,-0.02,single,False,10.0,3.7948107383031537
HD4597,HD4597,6025,4.43,-0.39,single,False,5.011872336272715,8.047711365168103
HD47186,HD47186,5675,4.36,0.23,HMPH,True,6.309573444801943,1.751353542925668
HD48115,HD48115,5825,4.48,-0.19,single,False,5.011872336272715,6.041693112969803
HD4838,HD4838,4704,4.63,-0.21,single,False,11.220184543019654,5.170683994731888
HD48611,HD48611,5337,4.51,-0.36,single,False,12.589254117941662,6.136424447449224
HD49035,HD49035,5640,4.35,0.24,single,False,7.079457843841373,1.6546251817933175
HD4915,HD4915,5658,4.52,-0.21,single,False,6.309573444801943,5.848566801873485
HD50806,HD50806,5633,4.11,0.03,single,False,11.220184543019654,3.412313245339276
HD51754,HD51754,5848,4.49,-0.55,single,False,7.079457843841373,8.711199318172202
HD5349,HD5349,5092,3.88,0.43,single,False,10.0,0.5
HD5388,HD5388,6311,4.24,-0.28,single,False,5.011872336272715,6.944401416135047
HD56274,HD56274,5734,4.51,-0.54,single,False,7.943282347242854,8.33644802234565
HD564,HD564,5902,4.53,-0.2,HMPH,True,1.1220184543019653,8.915624387067494
HD59468,HD59468,5618,4.39,0.03,single,False,10.0,3.4079912627085553
HD59711A,HD59711A,5722,4.46,-0.12,single,False,4.466835921509653,5.5239186301135765
HD59984,HD59984,5962,4.18,-0.69,single,False,12.589254117941662,8.418534861090992
HD61447,HD61447,5637,4.37,0.17,single,False,6.309573444801943,2.310064467101707
HD61902,HD61902,6209,4.38,-0.62,single,False,6.309573444801943,9.666424737490635
HD61986,HD61986,5725,4.48,-0.34,single,False,7.079457843841373,6.835401071051294
HD62128,HD62128,5828,4.22,0.33,single,False,6.309573444801943,0.8201686230464853
HD62364,HD62364,6255,4.47,-0.11,HMPH,True,0.31622776601683794,8.950182619581199
HD62849,HD62849,5338,3.59,-0.17,single,False,2.8183829312644493,6.912040562924018
HD63685,HD63685,5497,4.05,0.0,single,False,12.589254117941662,3.6468492259154166
HD63765,HD63765,5432,4.42,-0.16,HMPH,True,11.220184543019654,4.804356766078774
HD65907A,HD65907A,5945,4.52,-0.31,single,False,1.2589254117941662,10.158398565637299
HD65982,HD65982,5947,4.42,-0.1,single,False,3.1622776601683795,5.900959397772893
HD66039,HD66039,6149,4.52,0.17,single,False,0.6309573444801944,4.625901356951935
HD66221,HD66221,5635,4.4,0.17,single,False,5.623413251903491,2.3609518630081814
HD66428,HD66428,5705,4.31,0.25,HMPH,True,7.079457843841373,1.565301411372369
HD6718,HD6718,5723,4.44,-0.07,single,False,5.623413251903491,4.683743893853972
HD67458,HD67458,5891,4.53,-0.16,single,False,1.2589254117941662,8.221922610766358
HD68978A,HD68978A,5965,4.48,0.04,single,False,0.4466835921509635,6.657032949638955
HD69655,HD69655,5961,4.44,-0.18,single,False,5.011872336272715,5.941392290035898
HD70642,HD70642,5668,4.4,0.18,HMPH,True,5.011872336272715,2.330559077374918
HD71334,HD71334,5694,4.37,-0.09,single,False,8.91250938133744,4.403622437780407
HD7134,HD7134,5940,4.41,-0.29,single,False,6.309573444801943,6.593514654522419
HD71479,HD71479,6026,4.42,0.24,single,False,0.2818382931264461,4.129428614457838
HD71835,HD71835,5438,4.39,-0.04,single,False,12.589254117941662,3.9234686777999324
HD7199,HD7199,5386,4.34,0.28,HMPH,True,12.589254117941662,1.710513011199419
HD72374,HD72374,5767,4.35,-0.09,single,False,7.943282347242854,4.492636540585572
HD72579,HD72579,5449,4.27,0.2,single,False,12.589254117941662,2.2637519149684495
HD72659,HD72659,5926,4.24,-0.02,HMPH,True,7.079457843841373,3.977041914986496
HD72769,HD72769,5640,4.35,0.3,single,False,7.079457843841373,1.1186826923703395
HD73256,HD73256,5526,4.42,0.23,HMPH,True,6.309573444801943,1.751353542925668
HD74014,HD74014,5561,4.33,0.22,single,False,8.91250938133744,1.8794981085804414
HD7449,HD7449,6024,4.51,-0.11,HMPH,True,0.6309573444801944,8.423077567157321
HD74957,HD74957,5915,4.54,-0.18,single,False,0.7943282347242822,9.116185502691904
HD75289,HD75289,6161,4.37,0.3,HMPH,True,0.5623413251903491,2.9402511373093585
HD75328,HD75328,6003,4.46,-0.23,single,False,3.5481338923357604,7.128255521238708
HD76151,HD76151,5788,4.48,0.12,single,False,2.238721138568338,3.869663307856884
HD76188,HD76188,5989,4.08,-0.44,single,False,8.91250938133744,7.2534401583627925
HD76440,HD76440,5764,4.43,-0.01,single,False,5.011872336272715,4.2362766000518235
HD77110,HD77110,5717,4.48,-0.5,single,False,10.0,7.508277790472192
HD78538,HD78538,5786,4.5,-0.03,single,False,1.0,6.843361058076962
HD78558,HD78558,5711,4.36,-0.44,single,False,12.589254117941662,6.689663248169477
HD78747,HD78747,5788,4.44,-0.67,single,False,11.220184543019654,8.540894869532234
HD8038,HD8038,5694,4.45,0.15,single,False,3.5481338923357604,2.9536230054605905
HD81639,HD81639,5522,4.4,-0.17,single,False,11.220184543019654,4.877622255479007
HD82783,HD82783,5318,4.41,0.21,single,False,11.220184543019654,2.0935351867065064
HD83443,HD83443,5511,4.43,0.34,HMPH,True,6.309573444801943,0.7270502281887143
HD83529,HD83529,5902,4.35,-0.22,single,False,8.91250938133744,5.4621261417686755
HD8406,HD8406,5726,4.5,-0.1,single,False,1.9952623149688828,6.711253380824019
HD84305,HD84305,5963,4.51,-0.23,single,False,1.7782794100389228,8.519920764166145
HD84627B,HD84627,6113,4.5,-0.28,single,False,0.7079457843841402,10.59708407964615
HD85119,HD85119,5425,4.52,-0.2,single,False,10.0,5.187360908084304
HD8535,HD8535,6158,4.42,0.04,HMPH,True,1.1220184543019653,5.784467978336266
HD85725,HD85725,5986,3.95,0.15,single,False,4.466835921509653,2.725125069191689
HD86652,HD86652,5934,4.47,0.13,single,False,1.2589254117941662,4.478069354511334
HD870,HD870,5381,4.42,-0.1,single,False,12.589254117941662,4.3383978813889
HD87320,HD87320,5639,4.41,-0.17,single,False,10.0,4.955269208317396
HD88084,HD88084,5766,4.42,-0.1,single,False,5.623413251903491,4.974092906723316
HD8828,HD8828,5403,4.46,-0.16,single,False,10.0,4.87790526996803
HD8859,HD8859,5502,4.41,-0.09,single,False,11.220184543019654,4.291498667799219
HD88725,HD88725,5654,4.49,-0.64,single,False,11.220184543019654,8.321098292157505
HD88885,HD88885,5361,4.46,-0.11,single,False,11.220184543019654,4.43802953742566
HD89147,HD89147,5310,4.45,-0.09,single,False,12.589254117941662,4.269243031298869
HD8930,HD8930,5687,4.52,-0.23,single,False,4.466835921509653,6.664167915846189
HD89454,HD89454,5728,4.47,0.12,single,False,3.1622776601683795,3.4217907155170204
HD89749,HD89749,5443,4.48,-0.29,single,False,12.589254117941662,5.652340239197057
HD90156,HD90156,5599,4.48,-0.24,LMPH,True,8.91250938133744,5.624972837459886
HD90422,HD90422,6085,4.14,-0.62,single,False,10.0,8.436644589539823
HD90702,HD90702,5760,4.56,0.2,single,False,0.12589254117941714,4.9298153919088366
HD90711,HD90711,5444,4.4,0.24,single,False,8.91250938133744,1.7166514128892318
HD90722,HD90722,5711,4.28,0.31,single,False,7.079457843841373,1.029359055052109
HD90926,HD90926,5538,4.35,0.13,single,False,8.91250938133744,2.61230842118629
HD90936,HD90936,5928,4.48,0.03,single,False,0.8912509381337477,6.183266282604671
HD91379,HD91379,6164,4.41,-0.29,single,False,3.5481338923357604,7.7874078686436095
HD92547,HD92547,6020,4.45,-0.37,single,False,3.981071705534969,8.389350975565375
HD92588,HD92588,5199,3.79,0.04,single,False,7.079457843841373,3.441099591941917
HD92788,HD92788,5744,4.39,0.27,HMPH,True,4.466835921509653,1.481216785567744
HD93385,HD93385,5977,4.42,0.02,LMPH,True,2.8183829312644493,4.720614360080329
HD93932,HD93932,5950,4.3,0.05,single,False,6.309573444801943,3.427486280764448
HD94151,HD94151,5583,4.38,0.04,single,False,11.220184543019654,3.339047796879303
HD94771,HD94771,5631,4.03,0.22,HMPH,True,7.943282347242854,1.8446776046727074
HD95456,HD95456,6276,4.35,0.16,single,False,0.8912509381337477,4.456414141336117
HD95533,HD95533,5366,4.36,0.16,single,False,12.589254117941662,2.5403714183773545
HD95860,HD95860,6054,4.48,-0.31,single,False,2.5118864315095926,8.782899612992106
HD9608,HD9608,5954,4.43,-0.26,single,False,5.623413251903491,6.522620807105584
HD96116,HD96116,5832,4.52,-0.01,single,False,0.11220184543019653,7.923965684618727
HD967,HD967,5568,4.53,-0.68,single,False,8.91250938133744,9.207600991978389
HD97037,HD97037,5883,4.34,-0.07,HMPH,True,6.309573444801943,4.544908094427188
HD97320,HD97320,6165,4.57,-1.05,single,False,3.981071705534969,15.654964687788258
HD9782,HD9782,6023,4.42,0.09,single,False,2.5118864315095926,4.070655823104707
HD97998,HD97998,5716,4.57,-0.42,single,False,3.1622776601683795,9.507022790577436
HD98284,HD98284,5913,4.52,-0.84,single,False,7.943282347242854,10.898988501054571
HD98356,HD98356,5322,4.41,0.1,single,False,12.589254117941662,2.955300570441933
HIP31639,HIP31639,5400,4.53,-0.54,single,False,12.589254117941662,7.3812120582161285
HIP33392,HIP33392,4986,4.54,-0.09,single,False,11.220184543019654,4.291498667799219
