Star,SimbadName,Teff,logg,feh,class,is_host,age_gyr
BD+062932,BD+062932,5272,4.43,-0.84,single,False,0.014125375446227554
BD+063077,BD+063077,6136,4.95,-0.36,single,False,0.03162277660168379
BD+083095,BD+083095,5728,4.12,-0.77,single,False,17.78279410038923
BD-002387,BD-002387,4833,4.47,0.03,single,False,0.03548133892335753
BD-010184,BD-010184,4728,4.34,-0.34,single,False,19.952623149688826
BD-012505,BD-012505,4741,4.51,-0.11,single,False,0.03162277660168379
BD-033746,BD-033746,4732,4.63,-0.9,single,False,0.03548133892335753
BD-034797,BD-034797,4622,4.21,0.06,single,False,0.006309573444801942
BD-044138,BD-044138,4604,4.39,-0.11,single,False,0.017782794100389226
BD-050484,BD-050484,4674,4.42,-0.39,single,False,0.017782794100389226
BD-050578,BD-050578,5470,4.39,0.09,single,False,0.025118864315095822
BD-053176,BD-053176,4758,4.39,-0.09,single,False,19.952623149688826
BD-053596,BD-053596,4594,4.32,-0.34,single,False,19.952623149688826
BD-054065,BD-054065,4895,4.41,-0.29,single,False,0.01995262314968879
BD-060904,BD-060904,5066,4.46,-0.17,single,False,19.952623149688826
BD-063481,BD-063481,4815,4.36,-0.14,single,False,0.012589254117941687
BD-064196,BD-064196,4688,4.3,-0.03,single,False,0.012589254117941687
BD-064756,BD-064756,4646,4.54,-0.23,single,False,0.03981071705534969
BD-082534,BD-082534,5405,4.43,-0.78,single,False,0.01995262314968879
BD-082823,BD-082823,4816,4.43,-0.06,HMPH,True,0.025118864315095822
BD-084501,BD-084501,6216,4.81,-1.39,single,False,0.03162277660168379
BD-090872,BD-090872,4660,4.35,-0.19,single,False,0.012589254117941687
BD-091261,BD-091261,4717,4.69,-0.75,single,False,8.91250938133744
BD-092670,BD-092670,4806,4.46,-0.08,single,False,19.952623149688826
BD-094191,BD-094191,4804,4.44,-0.32,single,False,0.01995262314968879
BD-112763,BD-112763,4911,4.44,-0.26,single,False,0.01995262314968879
BD-120327,BD-120327,4680,4.35,-0.34,single,False,19.952623149688826
BD-123458,BD-123458,4803,4.86,-0.83,single,False,0.07079457843841373
BD-130116,BD-130116,4615,4.33,-0.49,single,False,0.011220184543019653
BD-130321,BD-130321,4772,4.41,0.02,single,False,0.01995262314968879
BD-131161,BD-131161,5389,4.37,0.09,single,False,0.022387211385683375
BD-140184,BD-140184,4714,4.32,-0.38,single,False,0.011220184543019653
BD-145003,BD-145003,4640,4.41,-0.51,single,False,0.015848931924611172
BD-160308,BD-160308,5183,4.48,-0.41,single,False,19.952623149688826
BD-160931,BD-160931,4840,4.38,-0.11,single,False,0.017782794100389226
BD-170063,BD-170063,4665,4.19,0.01,single,False,0.005623413251903491
BD-173242,BD-173242,4627,4.48,-0.29,single,False,0.03162277660168379
BD-195953,BD-195953,4775,4.51,-0.14,single,False,19.952623149688826
BD-213153,BD-213153,4622,4.38,-0.17,single,False,0.014125375446227554
BD-223528,BD-223528,4747,4.28,-0.17,single,False,0.008912509381337459
CD-2310879,CD-2310879,6788,4.67,-0.24,single,False,0.03548133892335753
CD-436810,CD-436810,6011,4.41,-0.44,single,False,6.309573444801943
CD-4512460,CD-4512460,5960,4.42,-0.86,single,False,12.589254117941662
CD-452997,CD-452997,5312,4.39,-0.84,single,False,0.015848931924611172
CD-571633,CD-571633,5975,4.46,-0.85,single,False,10.0
HD10002,HD10002,5313,4.4,0.17,single,False,12.589254117941662
HD100289,HD100289,5483,4.42,0.03,single,False,11.220184543019654
HD100508,HD100508,5449,4.42,0.39,single,False,0.03162277660168379
HD100777,HD100777,5536,4.33,0.25,HMPH,True,10.0
HD101339,HD101339,5731,4.48,-0.1,single,False,3.1622776601683795
HD101367,HD101367,5615,4.38,0.29,single,False,6.309573444801943
HD101581,HD101581,4738,4.46,-0.52,single,False,0.01995262314968879
HD101612,HD101612,6281,4.41,-0.36,single,False,2.238721138568338
HD101644,HD101644,5678,4.58,-0.56,single,False,2.8183829312644493
HD101650,HD101650,4626,4.29,-0.45,single,False,0.007943282347242822
HD10166,HD10166,5221,4.48,-0.39,single,False,19.952623149688826
HD10180,HD10180,5911,4.39,0.08,HMPH,True,4.466835921509653
HD101930,HD101930,5164,4.4,0.13,HMPH,True,15.848931924611108
HD102117,HD102117,5657,4.31,0.28,HMPH,True,7.943282347242854
HD102136,HD102136,5349,4.43,-0.09,single,False,12.589254117941662
HD102200,HD102200,6185,4.59,-1.1,single,False,1.9952623149688828
HD102300,HD102300,5987,4.23,-0.31,single,False,0.015848931924611172
HD102365,HD102365,5629,4.44,-0.29,LMPH,True,11.220184543019654
HD102438,HD102438,5560,4.41,-0.29,single,False,14.125375446227611
HD102843,HD102843,5432,4.35,0.16,HMPH,True,11.220184543019654
HD103197,HD103197,5250,4.45,0.22,LMPH,True,11.220184543019654
HD103720,HD103720,5017,4.43,-0.02,HMPH,True,0.025118864315095822
HD103891,HD103891,6072,4.05,-0.19,HMPH,True,5.623413251903491
HD103949,HD103949,4881,4.48,-0.07,LMPH,True,0.03162277660168379
HD104006,HD104006,5023,4.56,-0.78,single,False,0.028183829312644664
HD104067,HD104067,4969,4.47,-0.06,HMPH,True,19.952623149688826
HD104263,HD104263,5477,4.34,0.02,single,False,14.125375446227611
HD104760A,HD104760,5953,4.43,0.12,single,False,2.238721138568338
HD104800,HD104800,5697,4.47,-0.79,single,False,15.848931924611108
HD104982,HD104982,5692,4.44,-0.19,single,False,0.028183829312644664
HD105004,HD105004,5756,4.33,-0.81,single,False,0.01
HD105671,HD105671,4748,4.42,-0.02,single,False,0.022387211385683375
HD105779,HD105779,5792,4.51,-0.25,HMPH,True,4.466835921509653
HD105837,HD105837,5907,4.54,-0.51,single,False,2.5118864315095926
HD105938,HD105938,6208,4.27,0.03,single,False,3.5481338923357604
HD106116,HD106116,5680,4.39,0.14,single,False,5.011872336272715
HD106275,HD106275,5059,4.47,-0.09,single,False,17.78279410038923
HD106290,HD106290,6012,4.55,0.13,single,False,0.07943282347242822
HD10647,HD10647,6218,4.62,0.0,HMPH,True,0.07079457843841373
HD106589,HD106589,5597,4.37,-0.23,single,False,0.01995262314968879
HD10700,HD10700,5310,4.44,-0.52,single,False,0.017782794100389226
HD107094,HD107094,5562,4.54,-0.51,single,False,8.91250938133744
HD107148,HD107148,5805,4.4,0.31,HMPH,True,3.1622776601683795
HD108063,HD108063,6081,4.11,0.55,single,False,2.238721138568338
HD108147,HD108147,6260,4.47,0.18,HMPH,True,0.2818382931264461
HD108309,HD108309,5775,4.23,0.12,single,False,0.015848931924611172
HD108341,HD108341,5122,4.45,0.04,HMPH,True,15.848931924611108
HD108564,HD108564,4818,4.67,-0.97,single,False,0.03981071705534969
HD108768,HD108768,5633,4.45,0.14,single,False,4.466835921509653
HD108935,HD108935,4724,4.3,0.02,single,False,0.011220184543019653
HD10895,HD10895,5685,4.52,-0.27,single,False,4.466835921509653
HD109098,HD109098,5888,4.14,0.06,single,False,0.012589254117941687
HD109200,HD109200,5134,4.51,-0.31,single,False,19.952623149688826
HD109271,HD109271,5783,4.28,0.1,LMPH,True,0.01995262314968879
HD109310,HD109310,5922,4.55,-0.51,single,False,3.1622776601683795
HD109368,HD109368,4651,4.36,-0.23,single,False,0.014125375446227554
HD109409,HD109409,5886,4.16,0.33,single,False,4.466835921509653
HD109423,HD109423,5074,4.44,-0.07,single,False,0.028183829312644664
HD109684,HD109684,5992,4.38,-0.34,single,False,7.079457843841373
HD109723,HD109723,5647,4.47,-0.04,single,False,5.623413251903491
HD109988,HD109988,5193,4.46,0.14,HMPH,True,11.220184543019654
HD110291,HD110291,5480,4.38,-0.02,single,False,12.589254117941662
HD110557,HD110557,5267,4.36,-0.06,single,False,19.952623149688826
HD110619,HD110619,5613,4.51,-0.41,single,False,7.943282347242854
HD110668,HD110668,5850,4.45,0.17,single,False,1.2589254117941662
HD111031,HD111031,5801,4.39,0.27,single,False,3.5481338923357604
HD111232,HD111232,5460,4.43,-0.43,HMPH,True,15.848931924611108
HD111515,HD111515,5398,4.47,-0.61,single,False,19.952623149688826
HD111564,HD111564,6004,4.37,0.07,single,False,3.981071705534969
HD111777,HD111777,5666,4.46,-0.68,single,False,12.589254117941662
HD112100,HD112100,5081,4.44,-0.16,single,False,19.952623149688826
HD11226,HD11226,6098,4.35,0.04,single,False,3.5481338923357604
HD112283,HD112283,6433,4.84,-0.13,single,False,0.056234132519034905
HD112540,HD112540,5523,4.52,-0.17,single,False,0.03162277660168379
HD113101,HD113101,5456,4.37,-0.07,single,False,14.125375446227611
HD113513,HD113513,5751,4.54,0.17,single,False,1.584893192461111
HD113569,HD113569,4994,4.41,-0.22,single,False,0.01995262314968879
HD113679,HD113679,5768,4.26,-0.61,single,False,0.01
HD11397,HD11397,5564,4.46,-0.54,single,False,15.848931924611108
HD114076,HD114076,5069,4.32,-0.47,single,False,0.011220184543019653
HD114386,HD114386,4910,4.39,-0.07,HMPH,True,0.01995262314968879
HD114561,HD114561,5829,4.5,-0.07,single,False,0.8912509381337477
HD114613,HD114613,5729,3.97,0.19,single,False,6.309573444801943
HD114729,HD114729,5844,4.19,-0.28,HMPH,True,0.012589254117941687
HD114747,HD114747,5172,4.44,0.21,single,False,14.125375446227611
HD114783,HD114783,5133,4.42,0.03,HMPH,True,0.025118864315095822
HD114853,HD114853,5705,4.44,-0.23,single,False,10.0
HD11505,HD11505,5752,4.38,-0.22,HMPH,True,11.220184543019654
HD115341,HD115341,6058,4.55,-0.01,single,False,0.08912509381337495
HD115499,HD115499,5542,4.45,0.07,single,False,7.943282347242854
HD115585,HD115585,5711,4.27,0.35,single,False,0.01995262314968879
HD115617,HD115617,5558,4.36,-0.02,single,False,12.589254117941662
HD115674,HD115674,5649,4.48,-0.17,single,False,0.03162277660168379
HD115773,HD115773,6312,4.23,-0.08,single,False,3.1622776601683795
HD115902,HD115902,5705,4.39,-0.01,single,False,7.943282347242854
HD11608,HD11608,4959,4.32,0.22,single,False,0.015848931924611172
HD116259,HD116259,5700,4.21,0.11,single,False,7.943282347242854
HD116284,HD116284,5213,3.87,-0.01,single,False,10.0
HD116410,HD116410,5939,4.43,0.23,single,False,0.4466835921509635
HD11683,HD11683,5007,4.42,-0.21,single,False,0.01995262314968879
HD116858,HD116858,4990,4.52,-0.21,single,False,0.03981071705534969
HD116883,HD116883,4902,4.36,-0.2,single,False,0.015848931924611172
HD116920,HD116920,5015,4.46,-0.23,single,False,0.025118864315095822
HD116963,HD116963,4735,4.43,-0.06,single,False,0.022387211385683375
HD1171,HD1171,5293,4.47,-0.53,single,False,0.028183829312644664
HD117105,HD117105,5889,4.41,-0.29,single,False,7.079457843841373
HD117207,HD117207,5667,4.32,0.22,HMPH,True,0.025118864315095822
HD117359,HD117359,5246,4.43,-0.13,single,False,15.848931924611108
HD117618,HD117618,5990,4.41,0.03,HMPH,True,3.1622776601683795
HD117938,HD117938,4738,4.27,-0.13,single,False,0.008912509381337459
HD118466,HD118466,5049,4.34,0.2,single,False,0.015848931924611172
HD118563,HD118563,5477,4.45,-0.04,single,False,8.91250938133744
HD119173,HD119173,5779,4.26,-0.62,single,False,0.008912509381337459
HD119291,HD119291,4611,4.22,-0.1,single,False,0.006309573444801942
HD11938,HD11938,4703,4.25,0.01,single,False,0.008912509381337459
HD119503,HD119503,4885,4.4,-0.04,single,False,0.017782794100389226
HD119629,HD119629,6250,4.17,-0.17,single,False,3.5481338923357604
HD119638,HD119638,6069,4.42,-0.15,single,False,0.025118864315095822
HD11964A,HD11964A,5332,3.9,0.08,single,False,10.0
HD119782,HD119782,5160,4.44,-0.07,single,False,17.78279410038923
HD119949,HD119949,6359,4.47,-0.41,single,False,1.4125375446227613
HD120344,HD120344,5623,4.42,-0.19,single,False,0.025118864315095822
HD120362,HD120362,5517,4.51,0.1,single,False,4.466835921509653
HD120491,HD120491,4680,4.49,-0.34,single,False,19.952623149688826
HD121004,HD121004,5687,4.48,-0.71,single,False,10.0
HD121504,HD121504,6022,4.49,0.14,HMPH,True,0.1
HD122308,HD122308,5253,4.44,-0.32,single,False,0.025118864315095822
HD122474,HD122474,5716,4.37,0.13,single,False,5.623413251903491
HD122862,HD122862,5982,4.23,-0.12,single,False,6.309573444801943
HD123265,HD123265,5338,4.29,0.19,single,False,15.848931924611108
HD123319,HD123319,5619,4.56,-0.52,single,False,0.03548133892335753
HD12345,HD12345,5395,4.44,-0.21,single,False,0.025118864315095822
HD123517,HD123517,6082,4.08,0.09,single,False,0.012589254117941687
HD123619,HD123619,6166,4.45,-0.32,single,False,2.238721138568338
HD123651,HD123651,5926,4.55,-0.48,single,False,3.1622776601683795
HD1237,HD1237,5514,4.5,0.07,single,False,4.466835921509653
HD12387,HD12387,5700,4.39,-0.24,single,False,12.589254117941662
HD124106,HD124106,5106,4.49,-0.17,single,False,14.125375446227611
HD124292,HD124292,5443,4.37,-0.13,single,False,14.125375446227611
HD124364,HD124364,5584,4.48,-0.27,single,False,10.0
HD124785,HD124785,5867,4.2,-0.56,single,False,0.011220184543019653
HD125072,HD125072,5007,4.56,0.18,single,False,4.466835921509653
HD125184,HD125184,5680,4.1,0.27,single,False,0.011220184543019653
HD125271,HD125271,4779,4.33,-0.22,HMPH,True,0.011220184543019653
HD125455,HD125455,5162,4.52,-0.18,single,False,0.03548133892335753
HD125522,HD125522,4839,4.45,-0.46,single,False,0.01995262314968879
HD125595,HD125595,4691,4.17,0.08,LMPH,True,0.005623413251903491
HD125612,HD125612,5913,4.43,0.24,HMPH,True,0.028183829312644664
HD125881,HD125881,6036,4.49,0.06,single,False,0.11220184543019653
HD12617,HD12617,4890,4.46,0.1,single,False,19.952623149688826
HD126525,HD126525,5638,4.37,-0.1,HMPH,True,10.0
HD126681,HD126681,5570,4.7,-1.15,single,False,0.8912509381337477
HD126793,HD126793,5904,4.43,-0.71,single,False,8.91250938133744
HD126803,HD126803,5470,4.48,-0.61,single,False,17.78279410038923
HD126829,HD126829,4726,4.51,-0.14,single,False,19.952623149688826
HD127124,HD127124,5079,4.43,-0.04,single,False,0.028183829312644664
HD128113,HD128113,4922,4.28,-0.17,single,False,0.008912509381337459
HD128340,HD128340,6259,4.64,-0.55,single,False,0.028183829312644664
HD128431,HD128431,5429,4.43,-0.34,single,False,17.78279410038923
HD128571,HD128571,6159,4.4,-0.37,single,False,3.981071705534969
HD128674,HD128674,5551,4.5,-0.38,single,False,8.91250938133744
HD129191,HD129191,5832,4.39,0.24,single,False,3.1622776601683795
HD129229,HD129229,5872,3.89,-0.42,single,False,7.079457843841373
HD129642,HD129642,5026,4.49,-0.06,single,False,17.78279410038923
HD129829,HD129829,6196,4.66,-0.16,single,False,0.03162277660168379
HD130322,HD130322,5365,4.37,-0.02,HMPH,True,15.848931924611108
HD13060,HD13060,5255,4.34,0.02,single,False,0.017782794100389226
HD130930,HD130930,5027,4.45,0.01,single,False,19.952623149688826
HD130989,HD130989,6414,4.27,-0.23,single,False,2.5118864315095926
HD130992,HD130992,4898,4.54,-0.13,single,False,12.589254117941662
HD131183,HD131183,5670,4.24,0.09,single,False,0.015848931924611172
HD131218,HD131218,5797,4.55,-0.06,single,False,0.03981071705534969
HD131565,HD131565,5612,4.47,-0.16,single,False,0.025118864315095822
HD131653,HD131653,5324,4.54,-0.66,single,False,15.848931924611108
HD131664,HD131664,5901,4.5,0.31,single,False,0.1
HD1320,HD1320,5679,4.49,-0.27,single,False,7.079457843841373
HD132411,HD132411,4673,4.32,-0.29,single,False,0.012589254117941687
HD13252,HD13252,5358,4.33,-0.25,single,False,0.015848931924611172
HD132569,HD132569,5026,4.49,-0.26,single,False,0.025118864315095822
HD132648,HD132648,5418,4.49,-0.37,single,False,12.589254117941662
HD133633,HD133633,5571,4.48,-0.45,single,False,12.589254117941662
HD134060,HD134060,5966,4.43,0.14,LMPH,True,0.028183829312644664
HD134088,HD134088,5675,4.46,-0.75,single,False,14.125375446227611
HD134113,HD134113,5782,4.25,-0.74,single,False,0.008912509381337459
HD134440,HD134440,4987,4.8,-1.32,single,False,0.056234132519034905
HD134606,HD134606,5633,4.38,0.27,HMPH,True,6.309573444801943
HD134664,HD134664,5865,4.52,0.1,single,False,0.0630957344480193
HD134702,HD134702,5782,4.5,-0.04,single,False,1.2589254117941662
HD134929B,HD134929,5330,4.36,0.07,single,False,0.01995262314968879
HD134985,HD134985,5090,4.44,-0.6,single,False,19.952623149688826
HD134987,HD134987,5740,4.3,0.25,HMPH,True,6.309573444801943
HD135468,HD135468,6417,4.25,-0.02,single,False,2.5118864315095926
HD135625,HD135625,6003,4.32,0.12,HMPH,True,0.022387211385683375
HD13578,HD13578,5842,4.18,-0.03,single,False,8.91250938133744
HD136352,HD136352,5664,4.39,-0.34,LMPH,True,12.589254117941662
HD136713,HD136713,4994,4.45,0.07,single,False,0.03162277660168379
HD136894,HD136894,5412,4.36,-0.1,single,False,15.848931924611108
HD137010,HD137010,4797,4.41,-0.22,single,False,0.01995262314968879
HD13724,HD13724,5868,4.52,0.23,HMPH,True,0.1
HD137303,HD137303,4756,4.51,-0.35,single,False,19.952623149688826
HD137388,HD137388,5240,4.42,0.18,HMPH,True,12.589254117941662
HD137676,HD137676,5253,3.93,-0.53,single,False,0.001995262314968883
HD13789,HD13789,4740,4.33,-0.06,single,False,0.014125375446227554
HD13808,HD13808,5087,4.4,-0.2,LMPH,True,0.017782794100389226
HD138549,HD138549,5582,4.44,0.0,single,False,7.943282347242854
HD138799,HD138799,5224,4.36,0.02,single,False,0.01995262314968879
HD1388,HD1388,5954,4.41,-0.01,single,False,3.5481338923357604
HD138914,HD138914,4983,4.38,-0.12,single,False,0.017782794100389226
HD139189,HD139189,5075,4.41,0.02,single,False,0.022387211385683375
HD139332,HD139332,4899,4.3,0.0,single,False,0.011220184543019653
HD139536,HD139536,5209,4.71,-0.04,single,False,0.0630957344480193
HD139590,HD139590,6200,4.49,0.13,single,False,0.0630957344480193
HD139710,HD139710,5123,4.41,-0.08,single,False,19.952623149688826
HD139879,HD139879,6203,4.61,0.3,single,False,0.07943282347242822
HD140785,HD140785,5756,4.12,-0.05,single,False,10.0
HD140901,HD140901,5610,4.46,0.09,HMPH,True,6.309573444801943
HD141128,HD141128,6758,4.67,0.07,single,False,0.03548133892335753
HD141597,HD141597,6285,4.38,-0.4,single,False,3.5481338923357604
HD141598,HD141598,5593,4.37,-0.1,single,False,0.01995262314968879
HD141624,HD141624,5871,4.4,-0.38,single,False,7.943282347242854
HD141937,HD141937,5893,4.45,0.13,HMPH,True,1.7782794100389228
HD142,HD142,6403,4.62,0.09,HMPH,True,0.050118723362727456
HD142022A,HD142022A,5508,4.35,0.19,HMPH,True,10.0
HD142709,HD142709,4728,4.44,-0.35,single,False,19.952623149688826
HD142879,HD142879,5707,4.51,-0.39,single,False,5.623413251903491
HD143114,HD143114,5775,4.39,-0.41,single,False,10.0
HD143295,HD143295,4987,4.43,-0.03,single,False,0.028183829312644664
HD143638,HD143638,5954,4.48,-0.27,single,False,3.1622776601683795
HD14374,HD14374,5425,4.48,-0.04,single,False,7.943282347242854
HD143790,HD143790,6557,4.11,-0.06,single,False,2.238721138568338
HD144342,HD144342,5403,4.47,0.07,single,False,8.91250938133744
HD144411,HD144411,4852,4.39,-0.32,single,False,0.017782794100389226
HD144497,HD144497,5022,4.5,-0.12,single,False,15.848931924611108
HD14452,HD14452,5313,4.5,-0.16,single,False,0.03548133892335753
HD144585,HD144585,5914,4.35,0.33,single,False,3.1622776601683795
HD144589,HD144589,6372,4.28,-0.05,single,False,2.5118864315095926
HD144628,HD144628,5085,4.51,-0.41,single,False,19.952623149688826
HD144846,HD144846,6102,4.52,0.13,single,False,0.1
HD144880,HD144880,6152,4.38,-0.3,single,False,4.466835921509653
HD145344,HD145344,6143,4.39,-0.68,single,False,7.079457843841373
HD145377,HD145377,6054,4.53,0.12,HMPH,True,0.08912509381337495
HD145417,HD145417,5006,4.82,-1.23,single,False,0.056234132519034905
HD145598,HD145598,5417,4.48,-0.78,single,False,0.01995262314968879
HD145666,HD145666,5958,4.53,-0.04,single,False,0.1
HD145809,HD145809,5778,4.15,-0.25,single,False,12.589254117941662
HD145927,HD145927,5819,4.41,-0.03,single,False,5.011872336272715
HD1461,HD1461,5765,4.38,0.19,LMPH,True,4.466835921509653
HD146233,HD146233,5818,4.45,0.04,single,False,3.5481338923357604
HD14635,HD14635,4806,4.45,-0.03,single,False,0.025118864315095822
HD14680,HD14680,5011,4.46,-0.17,single,False,0.025118864315095822
HD147147,HD147147,4856,4.51,-0.17,single,False,19.952623149688826
HD147195,HD147195,5557,4.48,-0.05,single,False,6.309573444801943
HD14744,HD14744,4923,4.45,-0.13,single,False,0.028183829312644664
HD14745,HD14745,6290,4.72,-0.14,single,False,0.0630957344480193
HD14747,HD14747,5516,4.43,-0.39,single,False,14.125375446227611
HD147512,HD147512,5530,4.4,-0.08,single,False,11.220184543019654
HD147513,HD147513,5858,4.5,0.03,HMPH,True,0.5011872336272735
HD147518,HD147518,5626,4.4,-0.63,single,False,17.78279410038923
HD148156,HD148156,6251,4.51,0.25,HMPH,True,0.07943282347242822
HD148211,HD148211,5948,4.36,-0.62,single,False,11.220184543019654
HD148303,HD148303,4958,4.55,-0.03,single,False,10.0
HD148577,HD148577,5713,4.29,-0.09,single,False,10.0
HD14868,HD14868,5864,4.44,0.02,single,False,3.1622776601683795
HD148816,HD148816,5908,4.39,-0.71,single,False,11.220184543019654
HD149200,HD149200,6416,4.64,0.15,single,False,0.056234132519034905
HD149396,HD149396,5657,4.47,0.19,single,False,2.238721138568338
HD149724,HD149724,5747,4.24,0.37,single,False,0.017782794100389226
HD149747,HD149747,5823,3.95,-0.34,single,False,7.943282347242854
HD150139,HD150139,5968,4.29,-0.51,single,False,0.014125375446227554
HD150177,HD150177,6216,4.18,-0.58,single,False,0.012589254117941687
HD150433,HD150433,5665,4.43,-0.36,single,False,11.220184543019654
HD150437,HD150437,5826,4.29,0.3,single,False,5.623413251903491
HD150474,HD150474,5425,4.01,0.01,single,False,12.589254117941662
HD151504,HD151504,5457,4.36,0.06,single,False,0.017782794100389226
HD151692,HD151692,4737,4.4,-0.07,single,False,0.022387211385683375
HD151772,HD151772,6631,4.81,-0.36,single,False,0.03981071705534969
HD151933,HD151933,5849,4.29,-0.21,single,False,0.015848931924611172
HD152433,HD152433,6144,4.49,-0.1,single,False,0.11220184543019653
HD152533,HD152533,4822,4.36,-0.04,single,False,0.015848931924611172
HD153276,HD153276,6000,4.48,0.04,single,False,0.17782794100389226
HD15337,HD15337,5179,4.39,0.06,LMPH,True,0.022387211385683375
HD153851,HD153851,5052,4.5,-0.25,single,False,0.03548133892335753
HD153950,HD153950,6074,4.39,-0.01,HMPH,True,2.8183829312644493
HD154088,HD154088,5374,4.37,0.28,LMPH,True,12.589254117941662
HD154195A,HD154195A,5961,4.48,-0.19,single,False,2.8183829312644493
HD154363,HD154363,4723,4.41,-0.62,single,False,0.012589254117941687
HD154387,HD154387,4719,4.5,-0.25,single,False,0.028183829312644664
HD154577,HD154577,4900,4.52,-0.7,single,False,0.028183829312644664
HD154962,HD154962,5827,4.17,0.32,single,False,5.011872336272715
HD155717,HD155717,4949,4.48,-0.13,single,False,19.952623149688826
HD155968,HD155968,5790,4.42,0.16,single,False,2.5118864315095926
HD156079,HD156079,5892,4.24,0.28,single,False,0.022387211385683375
HD156098,HD156098,6517,4.2,0.18,HMPH,True,1.4125375446227613
HD15612,HD15612,5256,4.49,-0.11,single,False,10.0
HD156411,HD156411,5910,3.99,-0.11,HMPH,True,0.006309573444801942
HD156423,HD156423,5184,4.46,-0.43,single,False,19.952623149688826
HD156517,HD156517,5013,4.45,0.03,single,False,0.03162277660168379
HD156991,HD156991,5934,4.57,-0.07,single,False,0.07943282347242822
HD157172,HD157172,5451,4.39,0.11,single,False,10.0
HD157338,HD157338,6027,4.44,-0.08,single,False,1.7782794100389228
HD157347,HD157347,5676,4.38,0.02,single,False,8.91250938133744
HD157668,HD157668,5195,4.49,-0.23,single,False,0.028183829312644664
HD157830,HD157830,5540,4.49,-0.25,single,False,10.0
HD1581,HD1581,5977,4.51,-0.18,single,False,1.584893192461111
HD15906,HD15906,4884,4.49,-0.01,LMPH,True,19.952623149688826
HD159868,HD159868,5558,3.96,-0.08,HMPH,True,8.91250938133744
HD16008,HD16008,5712,4.42,-0.09,single,False,6.309573444801943
HD160089,HD160089,6312,4.78,0.11,single,False,0.07079457843841373
HD160691,HD160691,5780,4.27,0.3,HMPH,True,6.309573444801943
HD160836,HD160836,4791,4.49,-0.16,single,False,0.03548133892335753
HD161098,HD161098,5560,4.46,-0.27,single,False,11.220184543019654
HD161256,HD161256,5652,4.27,0.14,single,False,7.943282347242854
HD16141,HD16141,5806,4.19,0.16,HMPH,True,6.309573444801943
HD161555,HD161555,5850,4.15,0.12,single,False,0.014125375446227554
HD161566,HD161566,6230,4.2,-0.28,single,False,6.309573444801943
HD161612,HD161612,5616,4.45,0.16,single,False,3.5481338923357604
HD162020,HD162020,4861,4.48,-0.1,HMPH,True,0.03162277660168379
HD162236,HD162236,5343,4.43,-0.12,single,False,12.589254117941662
HD162396,HD162396,6090,4.27,-0.35,single,False,7.079457843841373
HD16270,HD16270,4786,4.39,0.06,single,False,0.01995262314968879
HD16280,HD16280,4754,4.39,-0.19,single,False,0.017782794100389226
HD16297,HD16297,5422,4.47,-0.01,single,False,8.91250938133744
HD163102,HD163102,6433,4.64,0.0,single,False,0.0630957344480193
HD163436,HD163436,5030,4.43,-0.07,single,False,0.025118864315095822
HD16382,HD16382,5953,4.5,0.03,single,False,0.1
HD16417,HD16417,5841,4.16,0.13,LMPH,True,5.011872336272715
HD165131,HD165131,5870,4.45,0.06,HMPH,True,2.8183829312644493
HD16536,HD16536,5282,4.39,-0.08,single,False,17.78279410038923
HD16548,HD16548,5690,3.96,0.15,single,False,6.309573444801943
HD165920,HD165920,5339,4.39,0.29,single,False,12.589254117941662
HD166724,HD166724,5127,4.43,-0.09,HMPH,True,19.952623149688826
HD166745,HD166745,5621,4.31,0.25,single,False,7.943282347242854
HD16714,HD16714,5518,4.42,-0.2,single,False,0.022387211385683375
HD167300,HD167300,5837,4.3,-0.45,single,False,0.014125375446227554
HD167359,HD167359,5348,4.46,-0.19,single,False,14.125375446227611
HD167677,HD167677,5474,4.43,-0.29,HMPH,True,15.848931924611108
HD16784,HD16784,5837,4.34,-0.65,single,False,14.125375446227611
HD168159,HD168159,4783,4.42,-0.15,single,False,0.01995262314968879
HD168746,HD168746,5568,4.33,-0.1,HMPH,True,12.589254117941662
HD168769,HD168769,5361,4.45,-0.01,single,False,11.220184543019654
HD168863,HD168863,4905,4.4,0.16,HMPH,True,0.01995262314968879
HD168870,HD168870,5325,4.43,-0.32,single,False,19.952623149688826
HD168871,HD168871,5983,4.42,-0.09,single,False,2.8183829312644493
HD16905,HD16905,4867,4.35,0.15,HMPH,True,0.017782794100389226
HD169830,HD169830,6361,4.21,0.18,HMPH,True,1.9952623149688828
HD170493,HD170493,4751,4.24,0.14,single,False,0.007079457843841388
HD17051,HD17051,6227,4.53,0.19,single,False,0.0630957344480193
HD170958,HD170958,5599,4.83,-0.04,single,False,0.04466835921509635
HD171028,HD171028,5671,3.84,-0.48,HMPH,True,0.001995262314968883
HD171587,HD171587,5412,4.59,-0.64,single,False,5.623413251903491
HD171665,HD171665,5655,4.41,-0.05,single,False,7.943282347242854
HD171825,HD171825,4908,4.48,-0.12,single,False,19.952623149688826
HD171942,HD171942,5615,4.42,-0.1,single,False,0.025118864315095822
HD171990,HD171990,6045,4.14,0.06,single,False,0.014125375446227554
HD172513,HD172513,5500,4.41,-0.05,single,False,11.220184543019654
HD172568,HD172568,5728,4.58,-0.37,single,False,1.1220184543019653
HD172643,HD172643,5645,4.5,-0.15,single,False,0.03162277660168379
HD173885,HD173885,6264,4.37,-0.2,single,False,3.1622776601683795
HD174153,HD174153,6196,4.49,-0.08,single,False,0.1
HD17439,HD17439,5721,4.44,0.08,single,False,5.623413251903491
HD174545,HD174545,5216,4.4,0.22,single,False,14.125375446227611
HD175179,HD175179,5764,4.46,-0.66,single,False,10.0
HD17548,HD17548,6011,4.44,-0.53,single,False,7.079457843841373
HD175607,HD175607,5392,4.51,-0.62,LMPH,True,15.848931924611108
HD176157,HD176157,5181,4.41,-0.16,single,False,19.952623149688826
HD176354,HD176354,5271,3.84,0.27,single,False,5.623413251903491
HD176535,HD176535,4727,4.36,-0.15,single,False,0.014125375446227554
HD176666,HD176666,6103,4.63,-0.37,single,False,0.03548133892335753
HD176986,HD176986,5018,4.45,0.0,LMPH,True,0.03162277660168379
HD177033,HD177033,4918,4.5,-0.13,single,False,19.952623149688826
HD177122,HD177122,6021,4.52,-0.1,single,False,0.14125375446227553
HD177409,HD177409,5898,4.49,-0.04,single,False,0.6309573444801944
HD177565,HD177565,5627,4.39,0.08,LMPH,True,7.943282347242854
HD177758,HD177758,5862,4.41,-0.58,single,False,11.220184543019654
HD17865,HD17865,5877,4.32,-0.57,single,False,0.015848931924611172
HD178904,HD178904,5727,4.41,0.09,single,False,6.309573444801943
HD179346,HD179346,6229,4.76,-0.03,single,False,0.07079457843841373
HD17970,HD17970,5040,4.39,-0.45,single,False,0.017782794100389226
HD179949,HD179949,6287,4.54,0.21,HMPH,True,0.0630957344480193
HD18001,HD18001,5772,4.44,-0.07,single,False,5.011872336272715
HD180409,HD180409,6013,4.52,-0.17,single,False,0.4466835921509635
HD18083,HD18083,6144,4.7,0.03,single,False,0.08912509381337495
HD181249,HD181249,4906,4.25,-0.13,single,False,0.007079457843841388
HD181428,HD181428,6151,4.45,0.06,single,False,0.14125375446227553
HD181433,HD181433,4962,4.37,0.33,HMPH,True,0.01995262314968879
HD181720,HD181720,5792,4.25,-0.53,HMPH,True,0.011220184543019653
HD183658,HD183658,5803,4.4,0.03,single,False,0.028183829312644664
HD183783,HD183783,4595,4.29,-0.2,single,False,0.01
HD18386,HD18386,5457,4.39,0.14,single,False,8.91250938133744
HD183870,HD183870,5029,4.49,-0.07,single,False,17.78279410038923
HD185283,HD185283,4848,4.37,-0.06,HMPH,True,0.022387211385683375
HD185615,HD185615,5570,4.34,0.08,single,False,0.022387211385683375
HD186061,HD186061,5016,4.51,-0.02,single,False,14.125375446227611
HD186302,HD186302,5662,4.44,-0.03,single,False,6.309573444801943
HD18719,HD18719,5241,4.41,-0.08,single,False,17.78279410038923
HD187456,HD187456,4832,4.33,0.02,single,False,0.014125375446227554
HD187760,HD187760,4618,4.45,-0.32,single,False,0.022387211385683375
HD18777,HD18777,5058,4.39,0.01,single,False,0.022387211385683375
HD188091,HD188091,5120,4.32,0.08,single,False,0.014125375446227554
HD18822,HD18822,5272,4.43,-0.07,single,False,15.848931924611108
HD18838,HD18838,5500,4.48,-0.17,single,False,0.03162277660168379
HD188559,HD188559,4786,4.33,-0.11,single,False,0.012589254117941687
HD188748,HD188748,5623,4.43,-0.12,single,False,7.943282347242854
HD188815,HD188815,6217,4.34,-0.53,single,False,7.079457843841373
HD189004,HD189004,5094,4.36,-0.07,single,False,0.015848931924611172
HD189242,HD189242,4913,4.46,-0.38,single,False,0.022387211385683375
HD189567,HD189567,5726,4.41,-0.24,LMPH,True,0.025118864315095822
HD189625,HD189625,5846,4.43,0.18,single,False,1.7782794100389228
HD189987,HD189987,4746,4.25,-0.06,single,False,0.01
HD190204,HD190204,5476,4.63,-0.02,single,False,0.050118723362727456
HD190248,HD190248,5604,4.26,0.33,single,False,8.91250938133744
HD19034,HD19034,5477,4.4,-0.48,single,False,17.78279410038923
HD190524,HD190524,5825,4.5,-0.13,single,False,0.03162277660168379
HD190613,HD190613,5776,4.33,0.0,single,False,0.022387211385683375
HD190647,HD190647,5639,4.18,0.23,HMPH,True,0.014125375446227554
HD190954,HD190954,5430,4.46,-0.41,single,False,14.125375446227611
HD190984,HD190984,6007,4.02,-0.49,HMPH,True,7.943282347242854
HD191033,HD191033,6206,4.47,-0.19,single,False,1.2589254117941662
HD191285,HD191285,4634,4.41,-0.28,single,False,0.017782794100389226
HD191797,HD191797,5061,4.5,-0.06,single,False,14.125375446227611
HD191847,HD191847,5066,4.45,-0.12,single,False,19.952623149688826
HD191902,HD191902,4691,4.25,-0.18,single,False,0.007943282347242822
HD192031,HD192031,5215,4.39,-0.84,single,False,0.012589254117941687
HD192117,HD192117,5479,4.48,-0.04,single,False,7.079457843841373
HD19230,HD19230,5254,4.63,-0.57,single,False,2.8183829312644493
HD192310,HD192310,5166,4.51,-0.04,LMPH,True,10.0
HD192865,HD192865,6307,4.44,0.13,single,False,0.056234132519034905
HD192961,HD192961,4624,4.31,-0.35,single,False,19.952623149688826
HD193193,HD193193,5979,4.4,-0.05,single,False,3.5481338923357604
HD193406,HD193406,4728,4.5,-0.34,single,False,19.952623149688826
HD193844,HD193844,5007,4.44,-0.3,single,False,0.025118864315095822
HD193901,HD193901,5611,4.41,-1.07,single,False,0.014125375446227554
HD19423,HD19423,5752,4.23,-0.09,single,False,10.0
HD19467,HD19467,5720,4.31,-0.14,single,False,10.0
HD194717,HD194717,5247,4.26,-0.28,single,False,0.011220184543019653
HD195145,HD195145,5625,4.41,0.17,single,False,5.011872336272715
HD195200,HD195200,6201,4.44,-0.08,single,False,0.17782794100389226
HD195302,HD195302,5063,4.44,0.02,single,False,19.952623149688826
HD195564,HD195564,5676,4.03,0.06,single,False,10.0
HD195633,HD195633,6154,4.25,-0.51,single,False,0.015848931924611172
HD196050,HD196050,5917,4.32,0.23,HMPH,True,3.981071705534969
HD196384,HD196384,6611,4.79,-0.13,single,False,0.04466835921509635
HD196397,HD196397,5378,4.33,0.29,single,False,14.125375446227611
HD19641,HD19641,5806,4.39,-0.01,single,False,6.309573444801943
HD196761,HD196761,5415,4.43,-0.31,single,False,17.78279410038923
HD196800,HD196800,6010,4.37,0.19,single,False,0.025118864315095822
HD196892,HD196892,6072,4.5,-0.89,single,False,7.079457843841373
HD197083,HD197083,5735,4.5,-0.45,single,False,7.079457843841373
HD197197,HD197197,5812,4.2,-0.46,single,False,12.589254117941662
HD197210,HD197210,5577,4.42,-0.03,single,False,8.91250938133744
HD197300,HD197300,6022,4.69,0.02,single,False,0.07943282347242822
HD197536,HD197536,6105,4.39,-0.41,single,False,5.011872336272715
HD197823,HD197823,5396,4.41,0.12,single,False,10.0
HD1979,HD1979,5626,4.52,-0.09,single,False,1.9952623149688828
HD197921,HD197921,4913,4.36,0.13,single,False,0.015848931924611172
HD198075,HD198075,5846,4.56,-0.24,single,False,0.22387211385683467
HD199086,HD199086,6149,4.65,0.18,single,False,0.31622776601683794
HD199190,HD199190,5926,4.26,0.15,single,False,4.466835921509653
HD199288,HD199288,5746,4.46,-0.63,single,False,11.220184543019654
HD199289,HD199289,5928,4.64,-0.98,single,False,1.2589254117941662
HD199604,HD199604,5817,4.34,-0.62,single,False,14.125375446227611
HD199847,HD199847,5763,4.22,-0.54,single,False,0.01
HD199868,HD199868,6152,4.45,-0.13,single,False,1.2589254117941662
HD199933,HD199933,4730,4.32,-0.15,single,False,0.011220184543019653
HD19994,HD19994,6289,4.48,0.24,HMPH,True,0.07079457843841373
HD199960,HD199960,5973,4.39,0.28,single,False,1.2589254117941662
HD20003,HD20003,5494,4.41,0.04,LMPH,True,11.220184543019654
HD200083,HD200083,4828,4.42,-0.09,single,False,19.952623149688826
HD200143,HD200143,5112,4.46,0.02,single,False,17.78279410038923
HD200349,HD200349,4844,4.5,-0.26,single,False,0.03162277660168379
HD200505,HD200505,5052,4.47,-0.45,single,False,0.022387211385683375
HD200538,HD200538,6042,4.38,0.1,single,False,2.8183829312644493
HD200633,HD200633,5853,4.51,0.05,single,False,0.22387211385683467
HD201161,HD201161,4884,4.36,-0.04,single,False,0.017782794100389226
HD2014,HD2014,5054,4.37,-0.07,single,False,0.017782794100389226
HD201422,HD201422,5841,4.63,-0.16,single,False,0.04466835921509635
HD201496,HD201496,5974,4.44,-0.04,single,False,1.9952623149688828
HD202206,HD202206,5757,4.47,0.29,HMPH,True,0.5623413251903491
HD202209,HD202209,6009,4.68,-0.01,single,False,0.03162277660168379
HD202389,HD202389,4732,4.43,-0.25,single,False,0.022387211385683375
HD2025,HD2025,4939,4.58,-0.35,single,False,14.125375446227611
HD202605,HD202605,5658,4.49,0.18,single,False,1.0
HD202819,HD202819,4737,4.4,-0.26,single,False,0.017782794100389226
HD202871,HD202871,6055,4.54,-0.09,single,False,0.5623413251903491
HD203335,HD203335,6306,4.56,-0.04,single,False,0.07943282347242822
HD203384,HD203384,5586,4.4,0.26,single,False,6.309573444801943
HD203413,HD203413,4812,4.39,0.01,single,False,0.01995262314968879
HD203432,HD203432,5645,4.39,0.29,single,False,5.623413251903491
HD203771,HD203771,4963,4.43,0.13,single,False,19.952623149688826
HD203850,HD203850,4879,4.51,-0.68,single,False,0.022387211385683375
HD203897,HD203897,5184,4.42,-0.18,single,False,17.78279410038923
HD20407,HD20407,5866,4.5,-0.44,single,False,5.623413251903491
HD204287,HD204287,5743,4.15,-0.04,single,False,10.0
HD204313,HD204313,5776,4.38,0.18,HMPH,True,3.981071705534969
HD204385,HD204385,6033,4.44,0.07,single,False,1.4125375446227613
HD20492,HD20492,4770,4.3,0.02,single,False,0.012589254117941687
HD204941,HD204941,5056,4.48,-0.19,HMPH,True,17.78279410038923
HD205294,HD205294,6370,4.3,-0.25,single,False,3.5481338923357604
HD205536,HD205536,5442,4.38,-0.05,single,False,14.125375446227611
HD205591,HD205591,6575,4.75,-0.08,single,False,0.050118723362727456
HD206116,HD206116,6231,4.57,0.24,single,False,0.0630957344480193
HD206163,HD206163,5519,4.43,0.01,single,False,10.0
HD206172,HD206172,5608,4.49,-0.24,single,False,7.943282347242854
HD20619,HD20619,5703,4.51,-0.22,single,False,5.623413251903491
HD206630,HD206630,4853,4.48,-0.41,single,False,0.025118864315095822
HD206998,HD206998,5822,4.24,-0.69,single,False,15.848931924611108
HD2071,HD2071,5719,4.47,-0.09,single,False,3.5481338923357604
HD207129,HD207129,5937,4.49,0.0,single,False,0.19952623149688828
HD207190,HD207190,6178,4.33,-0.42,single,False,5.623413251903491
HD207583,HD207583,5534,4.46,0.01,single,False,7.943282347242854
HD207699,HD207699,4874,4.36,-0.12,single,False,0.014125375446227554
HD207700,HD207700,5666,4.29,0.04,single,False,11.220184543019654
HD20781,HD20781,5256,4.37,-0.11,LMPH,True,19.952623149688826
HD20782,HD20782,5774,4.37,-0.06,HMPH,True,7.079457843841373
HD207832,HD207832,5718,4.45,0.15,HMPH,True,0.03162277660168379
HD207869,HD207869,5527,4.5,-0.45,single,False,0.028183829312644664
HD20794,HD20794,5401,4.4,-0.4,LMPH,True,19.952623149688826
HD207970,HD207970,5556,4.38,0.07,single,False,10.0
HD208,HD208,5914,4.47,-0.31,single,False,3.981071705534969
HD208068,HD208068,6007,4.64,-0.38,single,False,0.04466835921509635
HD20807,HD20807,5866,4.52,-0.23,single,False,1.9952623149688828
HD208272,HD208272,5199,4.42,-0.08,single,False,17.78279410038923
HD208487,HD208487,6146,4.48,0.08,HMPH,True,0.07943282347242822
HD20852,HD20852,6813,4.76,-0.35,single,False,0.07079457843841373
HD208573,HD208573,4910,4.41,0.0,single,False,0.025118864315095822
HD208672,HD208672,5986,4.61,0.13,single,False,0.08912509381337495
HD20868,HD20868,4802,4.26,0.05,HMPH,True,0.008912509381337459
HD208704,HD208704,5826,4.38,-0.09,single,False,6.309573444801943
HD209100,HD209100,4754,4.45,-0.2,single,False,0.025118864315095822
HD209449,HD209449,5854,4.16,0.41,single,False,0.015848931924611172
HD209458,HD209458,6118,4.5,0.03,HMPH,True,0.07943282347242822
HD209566,HD209566,5500,4.38,0.12,single,False,8.91250938133744
HD209742,HD209742,5137,4.49,-0.16,single,False,14.125375446227611
HD21019,HD21019,5468,3.93,-0.45,single,False,15.848931924611108
HD210272,HD210272,5713,4.13,-0.22,single,False,0.01
HD210277,HD210277,5505,4.3,0.18,HMPH,True,11.220184543019654
HD210320,HD210320,5597,4.31,0.11,single,False,8.91250938133744
HD210329,HD210329,4965,4.4,-0.18,single,False,0.017782794100389226
HD210507,HD210507,4998,4.42,0.07,single,False,0.025118864315095822
HD210573,HD210573,4918,4.48,-0.07,single,False,19.952623149688826
HD210752,HD210752,5951,4.53,-0.58,single,False,3.981071705534969
HD210918,HD210918,5755,4.35,-0.09,single,False,7.943282347242854
HD210975,HD210975,4749,4.37,-0.43,single,False,0.012589254117941687
HD211038,HD211038,4989,3.68,-0.25,single,False,14.125375446227611
HD211188,HD211188,5053,4.41,-0.12,single,False,0.022387211385683375
HD211317,HD211317,5965,4.3,0.27,single,False,3.5481338923357604
HD21132,HD21132,6243,4.6,-0.37,single,False,0.03162277660168379
HD211369,HD211369,4984,4.44,0.04,single,False,0.028183829312644664
HD211415,HD211415,5850,4.39,-0.21,single,False,8.91250938133744
HD211534,HD211534,5032,4.43,-0.31,single,False,0.01995262314968879
HD211583,HD211583,4761,4.39,0.05,single,False,0.022387211385683375
HD21161,HD21161,5923,4.24,0.09,single,False,0.015848931924611172
HD212036,HD212036,5687,4.41,-0.01,single,False,7.079457843841373
HD21209A,HD21209A,4671,4.31,-0.41,single,False,0.01
HD212231,HD212231,5762,4.2,-0.3,single,False,14.125375446227611
HD212301,HD212301,6271,4.55,0.18,HMPH,True,0.2818382931264461
HD21251,HD21251,4920,4.41,-0.09,single,False,19.952623149688826
HD212563,HD212563,5018,4.52,-0.02,single,False,12.589254117941662
HD212580,HD212580,5155,4.44,-0.11,single,False,17.78279410038923
HD212708,HD212708,5681,4.35,0.27,single,False,6.309573444801943
HD212918,HD212918,5051,4.48,-0.21,single,False,19.952623149688826
HD213042,HD213042,4831,4.38,0.08,single,False,0.015848931924611172
HD213240,HD213240,5982,4.27,0.14,HMPH,True,0.01995262314968879
HD213575,HD213575,5671,4.18,-0.15,single,False,0.008912509381337459
HD213628,HD213628,5555,4.44,0.01,single,False,8.91250938133744
HD213852,HD213852,4943,4.24,0.15,single,False,0.008912509381337459
HD213941,HD213941,5532,4.41,-0.46,single,False,15.848931924611108
HD214094,HD214094,6288,4.28,-0.01,single,False,3.1622776601683795
HD21411,HD21411,5473,4.51,-0.26,HMPH,True,8.91250938133744
HD214383,HD214383,4876,4.47,-0.16,single,False,0.025118864315095822
HD214385,HD214385,5654,4.43,-0.34,single,False,11.220184543019654
HD214759,HD214759,5461,4.37,0.18,single,False,10.0
HD214867,HD214867,5807,4.66,0.01,single,False,0.03981071705534969
HD214954,HD214954,5738,4.48,0.14,single,False,1.584893192461111
HD214998,HD214998,4847,4.37,0.06,single,False,0.022387211385683375
HD215152,HD215152,4935,4.4,-0.1,LMPH,True,0.022387211385683375
HD215257,HD215257,6052,4.46,-0.63,single,False,5.623413251903491
HD215456,HD215456,5789,4.1,-0.09,single,False,8.91250938133744
HD215497,HD215497,5110,4.4,0.2,HMPH,True,17.78279410038923
HD215625,HD215625,6282,4.58,0.1,single,False,0.0630957344480193
HD215722,HD215722,4728,4.4,-0.1,single,False,0.017782794100389226
HD215902,HD215902,5454,4.46,-0.25,single,False,14.125375446227611
HD215906,HD215906,6259,4.56,-0.28,single,False,0.028183829312644664
HD216008,HD216008,5773,4.38,-0.04,single,False,7.079457843841373
HD216215,HD216215,5220,4.45,-0.2,single,False,17.78279410038923
HD216435,HD216435,6008,4.2,0.24,HMPH,True,0.01995262314968879
HD216770,HD216770,5424,4.38,0.24,HMPH,True,10.0
HD216777,HD216777,5623,4.51,-0.38,single,False,7.079457843841373
HD21693,HD21693,5430,4.37,0.0,LMPH,True,14.125375446227611
HD217221,HD217221,5184,4.45,0.01,single,False,15.848931924611108
HD217395,HD217395,5916,4.52,-0.13,single,False,1.7782794100389228
HD21749,HD21749,4723,4.4,-0.02,single,False,0.022387211385683375
HD21759,HD21759,5142,4.49,-0.61,single,False,0.022387211385683375
HD217786,HD217786,5966,4.35,-0.14,HMPH,True,5.011872336272715
HD217958,HD217958,5970,4.45,0.28,HMPH,True,0.1
HD218249,HD218249,5009,4.52,-0.4,single,False,19.952623149688826
HD218340,HD218340,5889,4.42,0.09,single,False,3.981071705534969
HD218379,HD218379,5938,4.11,0.15,single,False,0.011220184543019653
HD218504,HD218504,5962,4.34,-0.55,single,False,11.220184543019654
HD218511,HD218511,4556,4.31,-0.1,single,False,0.008912509381337459
HD218572,HD218572,4785,4.54,-0.56,single,False,0.03548133892335753
HD218750,HD218750,5166,4.39,0.08,single,False,17.78279410038923
HD218885,HD218885,5763,4.46,-0.28,single,False,7.943282347242854
HD219077,HD219077,5362,4.0,-0.13,HMPH,True,12.589254117941662
HD219249,HD219249,5482,4.5,-0.4,single,False,10.0
HD21938,HD21938,5778,4.38,-0.47,single,False,0.017782794100389226
HD219495,HD219495,4787,4.4,0.13,single,False,0.01995262314968879
HD21977,HD21977,5930,4.45,0.1,single,False,2.238721138568338
HD220256,HD220256,5144,4.41,-0.1,single,False,19.952623149688826
HD220339,HD220339,5029,4.55,-0.35,single,False,17.78279410038923
HD220367,HD220367,6128,4.37,-0.21,single,False,5.011872336272715
HD220456,HD220456,5887,4.5,-0.02,single,False,0.15848931924611176
HD22049,HD22049,5153,4.53,-0.11,single,False,7.943282347242854
HD220507,HD220507,5698,4.29,0.01,single,False,0.01995262314968879
HD220894,HD220894,6282,4.6,0.02,single,False,0.0630957344480193
HD221146,HD221146,5876,4.27,0.08,single,False,0.01995262314968879
HD221287,HD221287,6374,4.62,0.04,HMPH,True,0.056234132519034905
HD221343,HD221343,5848,4.54,0.11,single,False,0.03981071705534969
HD221356,HD221356,6112,4.53,-0.2,single,False,0.03548133892335753
HD221420,HD221420,5847,4.03,0.33,HMPH,True,5.623413251903491
HD221580,HD221580,5322,2.68,-1.13,single,False,0.5623413251903491
HD221638,HD221638,6360,4.53,-0.21,single,False,0.056234132519034905
HD22177,HD22177,5666,4.26,0.2,single,False,7.943282347242854
HD221974,HD221974,5170,4.3,0.3,single,False,0.015848931924611172
HD222237,HD222237,4780,4.37,-0.38,HMPH,True,0.012589254117941687
HD222335,HD222335,5271,4.49,-0.2,single,False,0.03162277660168379
HD222422,HD222422,5475,4.46,-0.12,single,False,8.91250938133744
HD22249,HD22249,5773,4.63,-0.06,single,False,0.03981071705534969
HD222582,HD222582,5779,4.37,-0.01,HMPH,True,7.079457843841373
HD222595,HD222595,5648,4.46,0.01,single,False,5.623413251903491
HD222669,HD222669,5894,4.46,0.05,single,False,2.238721138568338
HD222721,HD222721,5361,4.43,-0.31,single,False,19.952623149688826
HD22282,HD22282,5433,4.32,0.12,single,False,12.589254117941662
HD223121,HD223121,5077,4.34,0.05,single,False,0.015848931924611172
HD223171,HD223171,5841,4.2,0.12,single,False,0.015848931924611172
HD223272,HD223272,5118,4.41,0.13,single,False,17.78279410038923
HD223282,HD223282,5328,4.49,-0.41,single,False,14.125375446227611
HD223315,HD223315,5650,4.44,0.3,single,False,3.5481338923357604
HD223854,HD223854,6080,4.08,-0.54,single,False,10.0
HD224047,HD224047,5167,4.43,-0.23,single,False,0.022387211385683375
HD224063,HD224063,5591,4.27,0.14,single,False,10.0
HD224230,HD224230,4944,4.47,-0.1,single,False,0.028183829312644664
HD224287,HD224287,5330,4.38,-0.29,single,False,0.017782794100389226
HD224347,HD224347,6092,4.27,-0.42,single,False,0.014125375446227554
HD224393,HD224393,5774,4.54,-0.38,single,False,3.5481338923357604
HD224432,HD224432,4828,4.38,-0.06,single,False,0.015848931924611172
HD224433,HD224433,5527,4.42,0.09,single,False,0.028183829312644664
HD224578,HD224578,6158,4.67,-0.01,single,False,0.07943282347242822
HD224619,HD224619,5436,4.39,-0.2,single,False,0.022387211385683375
HD224685,HD224685,5504,4.47,-0.4,single,False,12.589254117941662
HD224789,HD224789,5185,4.44,-0.03,single,False,0.028183829312644664
HD224817,HD224817,5894,4.36,-0.53,single,False,12.589254117941662
HD225297,HD225297,6181,4.55,-0.09,single,False,0.4466835921509635
HD22610,HD22610,5043,4.44,-0.22,single,False,0.028183829312644664
HD22879,HD22879,5884,4.52,-0.82,single,False,8.91250938133744
HD22897,HD22897,4837,4.44,-0.25,single,False,0.022387211385683375
HD22918,HD22918,4924,3.61,0.02,single,False,7.943282347242854
HD23030,HD23030,5951,4.37,0.2,single,False,2.5118864315095926
HD23079,HD23079,5980,4.48,-0.12,HMPH,True,0.028183829312644664
HD23249,HD23249,5150,3.89,0.13,single,False,0.002238721138568342
HD23356,HD23356,5004,4.5,-0.17,single,False,15.848931924611108
HD23456,HD23456,6178,4.56,-0.32,single,False,0.028183829312644664
HD23472,HD23472,4813,4.38,-0.19,LMPH,True,0.015848931924611172
HD23901,HD23901,5264,3.93,-0.4,single,False,0.001995262314968883
HD24062,HD24062,6107,4.62,0.28,single,False,0.07943282347242822
HD24085,HD24085,6065,4.47,0.17,LMPH,True,0.7943282347242822
HD24112,HD24112,6175,4.35,0.16,single,False,0.022387211385683375
HD24331,HD24331,4965,4.51,-0.31,single,False,19.952623149688826
HD24558,HD24558,5274,4.4,-0.47,single,False,0.015848931924611172
HD24633,HD24633,5276,4.36,-0.04,single,False,19.952623149688826
HD24892,HD24892,5363,3.99,-0.32,single,False,0.002818382931264455
HD25061,HD25061,5243,4.42,0.07,single,False,0.025118864315095822
HD25105,HD25105,5316,4.47,-0.15,single,False,0.028183829312644664
HD25120,HD25120,5134,4.47,-0.18,single,False,15.848931924611108
HD25171,HD25171,6160,4.43,-0.11,HMPH,True,1.1220184543019653
HD25357,HD25357,5117,4.72,-0.03,single,False,0.07079457843841373
HD25565,HD25565,5212,4.47,0.03,single,False,12.589254117941662
HD25587,HD25587,6258,4.61,-0.12,single,False,0.028183829312644664
HD2567,HD2567,6038,4.44,0.22,single,False,0.07943282347242822
HD25673,HD25673,5136,4.47,-0.5,single,False,0.022387211385683375
HD25704,HD25704,5942,4.52,-0.83,single,False,7.943282347242854
HD25912,HD25912,5900,4.52,0.12,HMPH,True,0.03548133892335753
HD2638,HD2638,5198,4.43,0.12,HMPH,True,14.125375446227611
HD26430,HD26430,4948,4.37,-0.26,single,False,0.017782794100389226
HD26729,HD26729,5718,4.17,0.31,single,False,7.943282347242854
HD26887,HD26887,6016,4.46,-0.35,single,False,3.5481338923357604
HD26965A,HD26965,5153,4.39,-0.31,single,False,0.01995262314968879
HD27063,HD27063,5767,4.44,0.05,single,False,5.011872336272715
HD27471,HD27471,5871,4.25,0.11,single,False,5.011872336272715
HD2768,HD2768,5548,4.4,-0.03,single,False,10.0
HD27894,HD27894,4952,4.39,0.2,HMPH,True,0.022387211385683375
HD28185,HD28185,5667,4.42,0.21,HMPH,True,3.981071705534969
HD28254,HD28254,5653,4.15,0.36,HMPH,True,0.014125375446227554
HD283,HD283,5157,4.51,-0.54,single,False,0.028183829312644664
HD28471,HD28471,5745,4.37,-0.05,LMPH,True,7.943282347242854
HD28701,HD28701,5710,4.41,-0.32,single,False,11.220184543019654
HD28807,HD28807,6602,4.67,0.06,single,False,0.04466835921509635
HD28821,HD28821,5660,4.38,-0.12,single,False,8.91250938133744
HD28969,HD28969,6255,4.68,-0.01,single,False,0.07079457843841373
HD290038,HD290038,5006,4.42,0.01,single,False,0.025118864315095822
HD290327,HD290327,5505,4.41,-0.14,HMPH,True,11.220184543019654
HD29137,HD29137,5768,4.28,0.3,single,False,6.309573444801943
HD291763,HD291763,4987,4.5,-0.61,single,False,0.022387211385683375
HD29263,HD29263,5780,4.35,0.03,single,False,7.943282347242854
HD29303,HD29303,5819,4.52,-0.12,single,False,0.03162277660168379
HD29428,HD29428,5743,4.48,-0.06,single,False,2.8183829312644493
HD297396,HD297396,4717,4.3,0.06,single,False,0.011220184543019653
HD29980,HD29980,6019,4.71,0.12,single,False,0.07943282347242822
HD29985,HD29985,4678,4.39,-0.22,HMPH,True,0.015848931924611172
HD30053,HD30053,6139,4.51,-0.22,single,False,0.03548133892335753
HD30177,HD30177,5601,4.34,0.37,HMPH,True,0.022387211385683375
HD30278,HD30278,5394,4.39,-0.17,single,False,14.125375446227611
HD30306,HD30306,5529,4.32,0.17,single,False,10.0
HD30523,HD30523,4662,4.57,-0.16,single,False,15.848931924611108
HD30669,HD30669,5400,4.37,0.13,HMPH,True,11.220184543019654
HD30858,HD30858,5182,4.45,-0.13,single,False,15.848931924611108
HD309701,HD309701,4814,4.39,-0.3,single,False,0.015848931924611172
HD31103,HD31103,6078,4.49,0.09,single,False,0.07943282347242822
HD31128,HD31128,6096,4.9,-1.39,single,False,0.028183829312644664
HD31527,HD31527,5898,4.45,-0.17,LMPH,True,5.011872336272715
HD31532,HD31532,5896,4.07,-0.08,single,False,7.079457843841373
HD31560,HD31560,4751,4.33,-0.07,single,False,0.014125375446227554
HD31822,HD31822,6042,4.57,-0.19,single,False,0.03162277660168379
HD3220,HD3220,5846,4.51,-0.22,single,False,3.5481338923357604
HD3229,HD3229,6583,4.14,-0.09,single,False,2.238721138568338
HD323631,HD323631,4984,4.44,-0.28,single,False,0.022387211385683375
HD324492,HD324492,4962,4.15,-0.27,single,False,0.006309573444801942
HD326267,HD326267,4719,4.31,-0.26,single,False,0.01
HD32724,HD32724,5818,4.26,-0.17,single,False,8.91250938133744
HD32804,HD32804,5910,4.53,0.06,single,False,0.03548133892335753
HD329788,HD329788,5151,4.35,-0.08,single,False,19.952623149688826
HD330075,HD330075,5025,4.32,0.03,HMPH,True,0.014125375446227554
HD33081,HD33081,6399,4.56,-0.16,single,False,0.056234132519034905
HD33473A,HD33473,5740,3.97,-0.13,single,False,7.943282347242854
HD33725,HD33725,5274,4.41,-0.17,single,False,15.848931924611108
HD33811,HD33811,5554,4.39,0.3,single,False,7.079457843841373
HD33822,HD33822,5726,4.29,0.26,single,False,7.079457843841373
HD34327,HD34327,5883,4.2,-0.06,single,False,7.943282347242854
HD34449,HD34449,5848,4.5,-0.09,single,False,1.1220184543019653
HD34688,HD34688,5169,4.44,-0.2,single,False,17.78279410038923
HD3569,HD3569,5155,4.54,-0.32,single,False,14.125375446227611
HD35854,HD35854,4928,4.46,-0.13,single,False,0.028183829312644664
HD36003,HD36003,4647,4.31,-0.2,single,False,0.011220184543019653
HD36051,HD36051,6118,4.63,-0.08,single,False,0.12589254117941714
HD361,HD361,5913,4.6,-0.12,single,False,0.050118723362727456
HD36108,HD36108,5916,4.33,-0.21,single,False,0.01995262314968879
HD36179,HD36179,5327,4.45,-0.08,single,False,12.589254117941662
HD36379,HD36379,6030,4.3,-0.17,single,False,5.011872336272715
HD37226,HD37226,6178,4.16,-0.12,single,False,3.981071705534969
HD37548,HD37548,5950,4.26,-0.04,single,False,7.079457843841373
HD37962,HD37962,5718,4.48,-0.2,single,False,7.079457843841373
HD37986,HD37986,5507,4.29,0.26,single,False,11.220184543019654
HD37990,HD37990,6215,4.56,0.0,single,False,0.07079457843841373
HD38078,HD38078,5651,4.47,-0.29,single,False,8.91250938133744
HD3808,HD3808,5572,4.46,-0.17,single,False,0.028183829312644664
HD3823,HD3823,6022,4.31,-0.28,single,False,7.943282347242854
HD38265,HD38265,5549,4.43,-0.14,single,False,8.91250938133744
HD38277,HD38277,5871,4.34,-0.07,single,False,6.309573444801943
HD38355,HD38355,5314,4.35,0.09,single,False,14.125375446227611
HD38382,HD38382,6082,4.45,0.03,single,False,0.7943282347242822
HD38385,HD38385,7212,4.61,0.09,single,False,0.056234132519034905
HD38510,HD38510,5914,4.32,-0.81,single,False,0.014125375446227554
HD38772,HD38772,6106,4.37,-0.23,single,False,5.623413251903491
HD38858,HD38858,5733,4.51,-0.22,single,False,3.981071705534969
HD38973,HD38973,6016,4.42,0.05,single,False,2.238721138568338
HD39091,HD39091,6003,4.42,0.09,HMPH,True,2.5118864315095926
HD39194,HD39194,5205,4.53,-0.61,LMPH,True,19.952623149688826
HD39427,HD39427,5682,4.52,-0.18,single,False,4.466835921509653
HD3964,HD3964,5729,4.5,0.05,single,False,1.9952623149688828
HD40105,HD40105,5137,3.85,0.06,single,False,0.001778279410038923
HD4021,HD4021,5831,4.71,0.02,single,False,0.03548133892335753
HD40307,HD40307,4977,4.47,-0.31,LMPH,True,0.03162277660168379
HD40397,HD40397,5527,4.39,-0.13,single,False,11.220184543019654
HD40483,HD40483,6371,4.39,-0.06,single,False,0.5623413251903491
HD40503,HD40503,4953,4.29,-0.03,single,False,0.012589254117941687
HD40865,HD40865,5719,4.5,-0.38,single,False,5.011872336272715
HD41087,HD41087,5562,4.52,-0.13,single,False,5.623413251903491
HD41248,HD41248,5713,4.49,-0.37,single,False,7.079457843841373
HD41323,HD41323,5756,4.56,-0.31,single,False,0.8912509381337477
HD4208,HD4208,5599,4.44,-0.28,HMPH,True,11.220184543019654
HD42505,HD42505,4738,4.4,-0.22,single,False,0.017782794100389226
HD4307,HD4307,5812,4.1,-0.23,single,False,11.220184543019654
HD4308,HD4308,5644,4.38,-0.34,LMPH,True,14.125375446227611
HD43197,HD43197,5449,4.3,0.36,HMPH,True,0.01995262314968879
HD44120,HD44120,6052,4.25,0.12,single,False,3.1622776601683795
HD44219,HD44219,5766,4.2,0.04,HMPH,True,10.0
HD44420,HD44420,5818,4.37,0.29,single,False,3.981071705534969
HD44447,HD44447,5999,4.37,-0.22,single,False,7.079457843841373
HD4457,HD4457,5015,4.53,-0.37,single,False,19.952623149688826
HD44573,HD44573,5071,4.48,-0.07,single,False,15.848931924611108
HD44594,HD44594,5840,4.38,0.15,single,False,3.5481338923357604
HD44804,HD44804,5366,4.48,0.03,single,False,8.91250938133744
HD45184,HD45184,5869,4.47,0.04,LMPH,True,1.7782794100389228
HD45289,HD45289,5717,4.32,-0.02,single,False,10.0
HD45364,HD45364,5434,4.38,-0.17,HMPH,True,14.125375446227611
HD457,HD457,6089,4.43,0.34,HMPH,True,0.07943282347242822
HD4597,HD4597,6025,4.43,-0.39,single,False,5.011872336272715
HD45977,HD45977,4689,4.3,0.03,single,False,0.012589254117941687
HD47186,HD47186,5675,4.36,0.23,HMPH,True,6.309573444801943
HD48115,HD48115,5825,4.48,-0.19,single,False,5.011872336272715
HD4838,HD4838,4704,4.63,-0.21,single,False,11.220184543019654
HD48611,HD48611,5337,4.51,-0.36,single,False,12.589254117941662
HD49035,HD49035,5640,4.35,0.24,single,False,7.079457843841373
HD4915,HD4915,5658,4.52,-0.21,single,False,6.309573444801943
HD50590,HD50590,4870,4.39,-0.22,single,False,0.017782794100389226
HD50806,HD50806,5633,4.11,0.03,single,False,11.220184543019654
HD51608,HD51608,5358,4.36,-0.07,LMPH,True,15.848931924611108
HD51754,HD51754,5848,4.49,-0.55,single,False,7.079457843841373
HD52265,HD52265,6136,4.36,0.21,HMPH,True,0.03162277660168379
HD52449,HD52449,6362,4.55,0.12,single,False,0.056234132519034905
HD52919,HD52919,4698,4.37,-0.17,single,False,0.015848931924611172
HD5349,HD5349,5092,3.88,0.43,single,False,10.0
HD5388,HD5388,6311,4.24,-0.28,single,False,5.011872336272715
HD54521,HD54521,5973,4.54,-0.01,single,False,0.07943282347242822
HD55,HD55,4679,4.51,-0.66,single,False,0.028183829312644664
HD55693,HD55693,5914,4.43,0.29,single,False,0.028183829312644664
HD56274,HD56274,5734,4.51,-0.54,single,False,7.943282347242854
HD56380,HD56380,5317,4.35,-0.42,single,False,0.014125375446227554
HD564,HD564,5902,4.53,-0.2,HMPH,True,1.1220184543019653
HD57568,HD57568,4821,4.51,-0.47,single,False,0.028183829312644664
HD58489,HD58489,4800,4.33,0.1,single,False,0.015848931924611172
HD58676,HD58676,5104,4.37,-0.02,single,False,0.015848931924611172
HD59468,HD59468,5618,4.39,0.03,single,False,10.0
HD59711A,HD59711A,5722,4.46,-0.12,single,False,4.466835921509653
HD59984,HD59984,5962,4.18,-0.69,single,False,12.589254117941662
HD61051,HD61051,5363,4.37,-0.1,single,False,15.848931924611108
HD61383,HD61383,5716,4.2,-0.49,single,False,0.008912509381337459
HD61447,HD61447,5637,4.37,0.17,single,False,6.309573444801943
HD61902,HD61902,6209,4.38,-0.62,single,False,6.309573444801943
HD61986,HD61986,5725,4.48,-0.34,single,False,7.079457843841373
HD62128,HD62128,5828,4.22,0.33,single,False,6.309573444801943
HD62364,HD62364,6255,4.47,-0.11,HMPH,True,0.31622776601683794
HD62847,HD62847,5362,4.48,-0.25,single,False,15.848931924611108
HD62849,HD62849,5338,3.59,-0.17,single,False,2.8183829312644493
HD63454,HD63454,4840,4.3,0.06,HMPH,True,0.01
HD6348,HD6348,5107,4.51,-0.56,single,False,0.03162277660168379
HD63685,HD63685,5497,4.05,0.0,single,False,12.589254117941662
HD63754,HD63754,6200,4.21,0.21,single,False,0.01995262314968879
HD63765,HD63765,5432,4.42,-0.16,HMPH,True,11.220184543019654
HD64640,HD64640,5174,4.31,0.18,single,False,19.952623149688826
HD65216,HD65216,5612,4.44,-0.17,HMPH,True,0.025118864315095822
HD65277,HD65277,4802,4.43,-0.31,single,False,0.01995262314968879
HD65562,HD65562,5076,4.39,-0.1,single,False,0.017782794100389226
HD65907A,HD65907A,5945,4.52,-0.31,single,False,1.2589254117941662
HD65982,HD65982,5947,4.42,-0.1,single,False,3.1622776601683795
HD66039,HD66039,6149,4.52,0.17,single,False,0.6309573444801944
HD66040,HD66040,5226,4.34,0.35,single,False,0.017782794100389226
HD66168,HD66168,6198,4.69,-0.03,single,False,0.07943282347242822
HD66221,HD66221,5635,4.4,0.17,single,False,5.623413251903491
HD66340,HD66340,5284,4.36,0.03,single,False,17.78279410038923
HD66428,HD66428,5705,4.31,0.25,HMPH,True,7.079457843841373
HD6673,HD6673,4960,4.49,-0.26,single,False,0.028183829312644664
HD66740,HD66740,6666,4.49,0.04,single,False,0.03981071705534969
HD66838,HD66838,5392,4.29,0.03,single,False,0.015848931924611172
HD67,HD67,5746,4.56,0.03,single,False,0.04466835921509635
HD6718,HD6718,5723,4.44,-0.07,single,False,5.623413251903491
HD67200,HD67200,6105,4.44,0.32,single,False,0.08912509381337495
HD6735,HD6735,6082,4.49,-0.06,single,False,0.07943282347242822
HD67458,HD67458,5891,4.53,-0.16,single,False,1.2589254117941662
HD68089,HD68089,5597,4.53,-0.77,single,False,14.125375446227611
HD68284,HD68284,5933,4.08,-0.5,single,False,0.007943282347242822
HD68287,HD68287,6318,4.63,0.06,single,False,0.056234132519034905
HD68607,HD68607,5215,4.41,0.07,single,False,0.022387211385683375
HD68978A,HD68978A,5965,4.48,0.04,single,False,0.4466835921509635
HD69611,HD69611,5762,4.31,-0.58,single,False,15.848931924611108
HD69655,HD69655,5961,4.44,-0.18,single,False,5.011872336272715
HD69830,HD69830,5402,4.4,-0.06,LMPH,True,14.125375446227611
HD70642,HD70642,5668,4.4,0.18,HMPH,True,5.011872336272715
HD70889,HD70889,6051,4.49,0.11,single,False,0.08912509381337495
HD70903,HD70903,5118,4.52,-0.43,single,False,19.952623149688826
HD71334,HD71334,5694,4.37,-0.09,single,False,8.91250938133744
HD7134,HD7134,5940,4.41,-0.29,single,False,6.309573444801943
HD71479,HD71479,6026,4.42,0.24,single,False,0.2818382931264461
HD71685,HD71685,6038,4.58,-0.37,single,False,0.050118723362727456
HD71835,HD71835,5438,4.39,-0.04,single,False,12.589254117941662
HD7199,HD7199,5386,4.34,0.28,HMPH,True,12.589254117941662
HD72374,HD72374,5767,4.35,-0.09,single,False,7.943282347242854
HD72579,HD72579,5449,4.27,0.2,single,False,12.589254117941662
HD72659,HD72659,5926,4.24,-0.02,HMPH,True,7.079457843841373
HD72673,HD72673,5243,4.46,-0.41,single,False,19.952623149688826
HD72769,HD72769,5640,4.35,0.3,single,False,7.079457843841373
HD73121,HD73121,6091,4.3,0.09,single,False,0.022387211385683375
HD73256,HD73256,5526,4.42,0.23,HMPH,True,6.309573444801943
HD73267,HD73267,5373,4.37,0.05,HMPH,True,0.017782794100389226
HD73524,HD73524,6017,4.43,0.16,single,False,0.028183829312644664
HD73583,HD73583,4695,4.5,-0.21,LMPH,True,0.028183829312644664
HD74014,HD74014,5561,4.33,0.22,single,False,8.91250938133744
HD7449,HD7449,6024,4.51,-0.11,HMPH,True,0.6309573444801944
HD74698,HD74698,5783,4.27,0.07,HMPH,True,0.01995262314968879
HD74957,HD74957,5915,4.54,-0.18,single,False,0.7943282347242822
HD750,HD750,5060,4.39,-0.29,single,False,0.017782794100389226
HD75289,HD75289,6161,4.37,0.3,HMPH,True,0.5623413251903491
HD75328,HD75328,6003,4.46,-0.23,single,False,3.5481338923357604
HD75530,HD75530,5311,4.48,-0.54,single,False,19.952623149688826
HD75745,HD75745,5885,4.29,-0.78,single,False,0.012589254117941687
HD75881,HD75881,6239,4.44,0.07,single,False,0.07079457843841373
HD76151,HD76151,5788,4.48,0.12,single,False,2.238721138568338
HD76188,HD76188,5989,4.08,-0.44,single,False,8.91250938133744
HD76440,HD76440,5764,4.43,-0.01,single,False,5.011872336272715
HD77110,HD77110,5717,4.48,-0.5,single,False,10.0
HD78429,HD78429,5760,4.33,0.09,single,False,0.022387211385683375
HD78538,HD78538,5786,4.5,-0.03,single,False,1.0
HD78558,HD78558,5711,4.36,-0.44,single,False,12.589254117941662
HD78612,HD78612,5834,4.27,-0.24,single,False,0.015848931924611172
HD78747,HD78747,5788,4.44,-0.67,single,False,11.220184543019654
HD78964B,HD78964,5195,4.5,0.1,single,False,0.03548133892335753
HD79601,HD79601,5825,4.32,-0.59,single,False,14.125375446227611
HD8038,HD8038,5694,4.45,0.15,single,False,3.5481338923357604
HD80883,HD80883,5233,4.44,-0.25,HMPH,True,0.025118864315095822
HD81639,HD81639,5522,4.4,-0.17,single,False,11.220184543019654
HD81700,HD81700,5882,4.53,0.12,single,False,0.03548133892335753
HD81767,HD81767,4978,4.46,0.05,single,False,0.028183829312644664
HD82114,HD82114,5912,4.2,0.01,single,False,0.015848931924611172
HD82342,HD82342,4820,4.41,-0.54,single,False,0.017782794100389226
HD82516,HD82516,5104,4.46,0.01,single,False,17.78279410038923
HD82783,HD82783,5318,4.41,0.21,single,False,11.220184543019654
HD82943,HD82943,5989,4.43,0.26,HMPH,True,0.07079457843841373
HD8326,HD8326,4971,4.48,0.02,HMPH,True,19.952623149688826
HD83443,HD83443,5511,4.43,0.34,HMPH,True,6.309573444801943
HD83529,HD83529,5902,4.35,-0.22,single,False,8.91250938133744
HD8389A,HD8389A,5283,4.37,0.34,single,False,0.025118864315095822
HD8406,HD8406,5726,4.5,-0.1,single,False,1.9952623149688828
HD84305,HD84305,5963,4.51,-0.23,single,False,1.7782794100389228
HD84627B,HD84627,6113,4.5,-0.28,single,False,0.7079457843841402
HD85119,HD85119,5425,4.52,-0.2,single,False,10.0
HD8535,HD8535,6158,4.42,0.04,HMPH,True,1.1220184543019653
HD85390,HD85390,5186,4.41,-0.07,LMPH,True,19.952623149688826
HD85512,HD85512,4715,4.39,-0.32,single,False,0.017782794100389226
HD85725,HD85725,5986,3.95,0.15,single,False,4.466835921509653
HD86065,HD86065,5026,4.5,-0.06,HMPH,True,14.125375446227611
HD86140,HD86140,4903,4.55,-0.25,single,False,19.952623149688826
HD86171,HD86171,5400,4.47,-0.25,single,False,15.848931924611108
HD8638,HD8638,5507,4.43,-0.38,single,False,14.125375446227611
HD86652,HD86652,5934,4.47,0.13,single,False,1.2589254117941662
HD870,HD870,5381,4.42,-0.1,single,False,12.589254117941662
HD87320,HD87320,5639,4.41,-0.17,single,False,10.0
HD87521,HD87521,4854,4.37,-0.04,single,False,0.022387211385683375
HD87838,HD87838,6118,4.47,-0.4,single,False,0.025118864315095822
HD88084,HD88084,5766,4.42,-0.1,single,False,5.623413251903491
HD88218,HD88218,5878,4.16,-0.14,single,False,0.011220184543019653
HD8828,HD8828,5403,4.46,-0.16,single,False,10.0
HD88474,HD88474,6122,3.91,-0.48,single,False,0.005011872336272725
HD8859,HD8859,5502,4.41,-0.09,single,False,11.220184543019654
HD88656,HD88656,5150,4.44,-0.11,single,False,17.78279410038923
HD88725,HD88725,5654,4.49,-0.64,single,False,11.220184543019654
HD88742,HD88742,5981,4.52,-0.02,single,False,0.08912509381337495
HD88885,HD88885,5361,4.46,-0.11,single,False,11.220184543019654
HD8912,HD8912,5211,4.43,-0.07,single,False,17.78279410038923
HD89147,HD89147,5310,4.45,-0.09,single,False,12.589254117941662
HD8930,HD8930,5687,4.52,-0.23,single,False,4.466835921509653
HD89454,HD89454,5728,4.47,0.12,single,False,3.1622776601683795
HD89668,HD89668,4811,4.45,-0.11,single,False,0.028183829312644664
HD89749,HD89749,5443,4.48,-0.29,single,False,12.589254117941662
HD89839,HD89839,6314,4.49,0.04,HMPH,True,0.056234132519034905
HD8985,HD8985,6473,4.96,-0.01,single,False,0.056234132519034905
HD89920,HD89920,4827,4.32,-0.03,single,False,0.014125375446227554
HD89965,HD89965,5039,4.48,-0.09,single,False,17.78279410038923
HD90081,HD90081,5912,4.34,-0.2,single,False,0.01995262314968879
HD90133,HD90133,5064,4.42,-0.16,single,False,0.022387211385683375
HD90156,HD90156,5599,4.48,-0.24,LMPH,True,8.91250938133744
HD90422,HD90422,6085,4.14,-0.62,single,False,10.0
HD90702,HD90702,5760,4.56,0.2,single,False,0.12589254117941714
HD90711,HD90711,5444,4.4,0.24,single,False,8.91250938133744
HD90722,HD90722,5711,4.28,0.31,single,False,7.079457843841373
HD90812,HD90812,5164,4.48,-0.36,single,False,0.028183829312644664
HD90926,HD90926,5538,4.35,0.13,single,False,8.91250938133744
HD90936,HD90936,5928,4.48,0.03,single,False,0.8912509381337477
HD91267,HD91267,4928,4.48,-0.06,single,False,19.952623149688826
HD91345,HD91345,5658,4.53,-1.04,single,False,17.78279410038923
HD91379,HD91379,6164,4.41,-0.29,single,False,3.5481338923357604
HD9246,HD9246,4999,4.49,-0.53,single,False,0.025118864315095822
HD92547,HD92547,6020,4.45,-0.37,single,False,3.981071705534969
HD92588,HD92588,5199,3.79,0.04,single,False,7.079457843841373
HD92719,HD92719,5824,4.51,-0.1,single,False,0.03162277660168379
HD92788,HD92788,5744,4.39,0.27,HMPH,True,4.466835921509653
HD93083,HD93083,5105,4.43,0.09,HMPH,True,15.848931924611108
HD93351,HD93351,5408,4.41,-0.23,HMPH,True,0.022387211385683375
HD93380,HD93380,4649,4.35,-0.72,single,False,0.011220184543019653
HD93385,HD93385,5977,4.42,0.02,LMPH,True,2.8183829312644493
HD93745,HD93745,6065,4.34,0.12,single,False,0.025118864315095822
HD93932,HD93932,5950,4.3,0.05,single,False,6.309573444801943
HD94151,HD94151,5583,4.38,0.04,single,False,11.220184543019654
HD94444,HD94444,5998,4.34,-0.62,single,False,0.014125375446227554
HD94771,HD94771,5631,4.03,0.22,HMPH,True,7.943282347242854
HD94964,HD94964,6139,4.55,-0.07,single,False,0.07079457843841373
HD95456,HD95456,6276,4.35,0.16,single,False,0.8912509381337477
HD95521,HD95521,5773,4.49,-0.15,single,False,0.03162277660168379
HD95533,HD95533,5366,4.36,0.16,single,False,12.589254117941662
HD95542,HD95542,5984,4.52,-0.04,single,False,0.08912509381337495
HD9578,HD9578,6055,4.52,0.11,single,False,0.08912509381337495
HD95860,HD95860,6054,4.48,-0.31,single,False,2.5118864315095926
HD95922,HD95922,6293,4.63,-0.06,single,False,0.07079457843841373
HD9608,HD9608,5954,4.43,-0.26,single,False,5.623413251903491
HD96116,HD96116,5832,4.52,-0.01,single,False,0.11220184543019653
HD96276,HD96276,6080,4.49,-0.02,single,False,0.07943282347242822
HD96290,HD96290,6219,4.56,0.03,single,False,0.07943282347242822
HD96423,HD96423,5711,4.35,0.1,single,False,0.025118864315095822
HD96673,HD96673,4788,4.38,-0.13,single,False,0.015848931924611172
HD967,HD967,5568,4.53,-0.68,single,False,8.91250938133744
HD96700,HD96700,5845,4.39,-0.18,LMPH,True,0.025118864315095822
HD97037,HD97037,5883,4.34,-0.07,HMPH,True,6.309573444801943
HD97320,HD97320,6165,4.57,-1.05,single,False,3.981071705534969
HD97343,HD97343,5410,4.39,-0.06,single,False,14.125375446227611
HD97783,HD97783,5682,4.5,-0.73,single,False,0.025118864315095822
HD9782,HD9782,6023,4.42,0.09,single,False,2.5118864315095926
HD9796,HD9796,5179,4.38,-0.25,single,False,0.017782794100389226
HD97998,HD97998,5716,4.57,-0.42,single,False,3.1622776601683795
HD98281,HD98281,5381,4.42,-0.26,single,False,19.952623149688826
HD98284,HD98284,5913,4.52,-0.84,single,False,7.943282347242854
HD98356,HD98356,5322,4.41,0.1,single,False,12.589254117941662
HIP102025,HIP102025,4684,4.32,-0.28,single,False,0.012589254117941687
HIP102964,HIP102964,4797,4.43,-0.23,single,False,0.01995262314968879
HIP103867,HIP103867,4559,4.14,-0.45,single,False,0.003981071705534978
HIP104856,HIP104856,5023,4.43,-0.24,single,False,0.01995262314968879
HIP105506,HIP105506,4840,4.37,-0.01,single,False,0.014125375446227554
HIP10741,HIP10741,4859,4.4,-0.15,single,False,0.017782794100389226
HIP108216,HIP108216,4830,4.53,-0.51,single,False,0.03162277660168379
HIP109149,HIP109149,4960,4.43,-0.12,single,False,0.022387211385683375
HIP109421,HIP109421,4576,4.42,-0.27,single,False,0.022387211385683375
HIP113596,HIP113596,4580,4.25,-0.21,single,False,0.006309573444801942
HIP116374,HIP116374,4626,4.31,0.01,single,False,0.011220184543019653
HIP116939,HIP116939,4984,4.35,-0.07,single,False,0.017782794100389226
HIP12147,HIP12147,5050,4.5,-0.32,single,False,0.03548133892335753
HIP15587,HIP15587,5239,4.46,-0.12,single,False,14.125375446227611
HIP16094,HIP16094,4877,4.44,-0.04,single,False,0.03162277660168379
HIP17346,HIP17346,4699,4.32,-0.16,single,False,0.01
HIP1745,HIP1745,5416,4.39,-0.44,single,False,19.952623149688826
HIP18918,HIP18918,4572,4.28,-0.2,single,False,0.008912509381337459
HIP20444,HIP20444,4907,4.41,-0.12,single,False,0.01995262314968879
HIP21539,HIP21539,4578,4.33,-0.33,single,False,0.012589254117941687
HIP21934,HIP21934,4674,4.19,0.03,single,False,0.005623413251903491
HIP22059,HIP22059,4741,4.4,-0.32,single,False,0.017782794100389226
HIP25612,HIP25612,4571,4.35,-0.5,single,False,0.011220184543019653
HIP26013,HIP26013,4891,4.41,0.02,single,False,0.01995262314968879
HIP26542,HIP26542,4750,4.48,-0.54,single,False,0.025118864315095822
HIP31639,HIP31639,5400,4.53,-0.54,single,False,12.589254117941662
HIP32127,HIP32127,5302,4.44,-0.64,single,False,0.01995262314968879
HIP32812,HIP32812,4977,4.41,-0.02,single,False,0.022387211385683375
HIP33392,HIP33392,4986,4.54,-0.09,single,False,11.220184543019654
HIP35992,HIP35992,4939,4.25,-0.02,single,False,0.008912509381337459
HIP36347,HIP36347,4719,4.38,-0.05,single,False,0.015848931924611172
HIP38324,HIP38324,4615,4.39,-0.3,single,False,0.017782794100389226
HIP39470,HIP39470,4571,4.4,-0.39,single,False,0.017782794100389226
HIP41659,HIP41659,5197,4.38,-0.53,single,False,0.014125375446227554
HIP45301,HIP45301,4788,4.46,-0.12,single,False,0.025118864315095822
HIP46933,HIP46933,4487,4.22,-0.24,single,False,0.006309573444801942
HIP5114,HIP5114,4846,4.39,-0.69,single,False,0.012589254117941687
HIP5158,HIP5158,4813,4.32,0.17,HMPH,True,19.952623149688826
HIP54446,HIP54446,4992,4.51,-0.18,single,False,15.848931924611108
HIP54597,HIP54597,4799,4.43,-0.22,HMPH,True,0.01995262314968879
HIP57688,HIP57688,4712,4.32,-0.14,single,False,0.01
HIP58348,HIP58348,4828,4.34,0.0,single,False,0.014125375446227554
HIP59925,HIP59925,4590,4.4,-0.26,single,False,0.017782794100389226
HIP61406,HIP61406,4855,4.42,0.03,single,False,0.022387211385683375
HIP64965,HIP64965,4888,4.78,-1.03,single,False,0.07079457843841373
HIP67126,HIP67126,4681,4.2,-0.19,single,False,0.005623413251903491
HIP69224,HIP69224,5005,4.3,-0.14,single,False,0.01
HIP7058,HIP7058,4749,4.55,-0.1,single,False,17.78279410038923
HIP7743,HIP7743,4692,4.39,-0.17,single,False,0.015848931924611172
HIP78242,HIP78242,5244,4.4,-0.01,single,False,17.78279410038923
HIP80083,HIP80083,4800,4.78,-0.8,single,False,0.08912509381337495
HIP88316,HIP88316,5159,4.38,-0.01,single,False,0.01995262314968879
HIP9398,HIP9398,4734,4.49,-0.43,single,False,0.025118864315095822
HIP96240,HIP96240,4849,4.47,-0.15,single,False,0.022387211385683375
HIP98764,HIP98764,4912,4.44,-0.28,single,False,0.01995262314968879
HIP99606B,HIP99606,5764,4.19,-0.41,single,False,0.01
